フォルダ名,コンテンツ名,標準学習時間,URL
【研修動画】はじめに,【動画】ChatGPTとは何か？,0:09:16,https://01entrepreneur.quizgenerator.net/sys/?action=quizPlayer&options=eyJzY29faWQiOiI1MDY4NTM2IiwiYmFja19saXN0Ijp0cnVlLCJoZWFkZXIiOnsiZ29vZCI6eyJ2aXNpYmxlIjp0cnVlfX0sImZyb21fY291cnNlIjp0cnVlLCJmcm9tX2NvdXJzZV9pZCI6IjUwNjg1MjQifQ%3D%3D
【研修動画】はじめに,【理解度テスト】ChatGPTとは何か？,0:01:00,https://01entrepreneur.quizgenerator.net/sys/?action=quizPlayer&options=eyJzY29faWQiOjUwNjg1MzcsImhlYWRlciI6eyJnb29kIjp7InZpc2libGUiOnRydWV9fSwiYmFja19saXN0Ijp0cnVlfQ%3D%3D
【研修動画】はじめに,【動画】ChatGPTのアカウント作成方法,0:06:43,https://01entrepreneur.quizgenerator.net/sys/?action=quizPlayer&options=eyJzY29faWQiOjUwNjg1NDEsImhlYWRlciI6eyJnb29kIjp7InZpc2libGUiOnRydWV9fSwiYmFja19saXN0Ijp0cnVlfQ%3D%3D
【研修動画】はじめに,【理解度テスト】ChatGPTのアカウント作成方法,0:01:00,https://01entrepreneur.quizgenerator.net/sys/?action=quizPlayer&options=eyJzY29faWQiOjUwNjg1NDIsImhlYWRlciI6eyJnb29kIjp7InZpc2libGUiOnRydWV9fSwiYmFja19saXN0Ijp0cnVlfQ%3D%3D
【研修動画】はじめに,【動画】ChatGPTの基本的な使い方,0:10:18,https://01entrepreneur.quizgenerator.net/sys/?action=quizPlayer&options=eyJzY29faWQiOjUwNjg1NDcsImhlYWRlciI6eyJnb29kIjp7InZpc2libGUiOnRydWV9fSwiYmFja19saXN0Ijp0cnVlfQ%3D%3D
【研修動画】はじめに,【理解度テスト】ChatGPTの基本的な使い方,0:01:00,https://01entrepreneur.quizgenerator.net/sys/?action=quizPlayer&options=eyJzY29faWQiOjUwNjg1NDgsImhlYWRlciI6eyJnb29kIjp7InZpc2libGUiOnRydWV9fSwiYmFja19saXN0Ijp0cnVlfQ%3D%3D
【研修動画】はじめに,【動画】ChatGPTができないこと,0:05:07,https://01entrepreneur.quizgenerator.net/sys/?action=quizPlayer&options=eyJzY29faWQiOjUwNjg1NTIsImhlYWRlciI6eyJnb29kIjp7InZpc2libGUiOnRydWV9fSwiYmFja19saXN0Ijp0cnVlfQ%3D%3D
【研修動画】はじめに,【理解度テスト】ChatGPTができないこと,0:01:00,https://01entrepreneur.quizgenerator.net/sys/?action=quizPlayer&options=eyJzY29faWQiOjUwNjg1NTMsImhlYWRlciI6eyJnb29kIjp7InZpc2libGUiOnRydWV9fSwiYmFja19saXN0Ijp0cnVlfQ%3D%3D
【研修動画】はじめに,【動画】Made by OpenAI,0:10:04,https://01entrepreneur.quizgenerator.net/sys/?action=quizPlayer&options=eyJzY29faWQiOjUwNjg1NTcsImhlYWRlciI6eyJnb29kIjp7InZpc2libGUiOnRydWV9fSwiYmFja19saXN0Ijp0cnVlfQ%3D%3D
【研修動画】はじめに,【修了証】はじめに（研修動画）,0:00:00,
【研修動画】ビジネスコミュニケーション,【動画】営業メールテンプレートの作成,0:07:39,https://01entrepreneur.quizgenerator.net/sys/?action=quizPlayer&options=eyJzY29faWQiOjUwNjg1NjMsImhlYWRlciI6eyJnb29kIjp7InZpc2libGUiOnRydWV9fSwiYmFja19saXN0Ijp0cnVlfQ%3D%3D
【研修動画】ビジネスコミュニケーション,【理解度テスト】営業メールテンプレートの作成,0:01:00,https://01entrepreneur.quizgenerator.net/sys/?action=quizPlayer&options=eyJzY29faWQiOjUwNjg1NjQsImhlYWRlciI6eyJnb29kIjp7InZpc2libGUiOnRydWV9fSwiYmFja19saXN0Ijp0cnVlfQ%3D%3D
【研修動画】ビジネスコミュニケーション,【動画】テレアポの電話スクリプト作成,0:05:31,https://01entrepreneur.quizgenerator.net/sys/?action=quizPlayer&options=eyJzY29faWQiOjUwNjg1NjgsImhlYWRlciI6eyJnb29kIjp7InZpc2libGUiOnRydWV9fSwiYmFja19saXN0Ijp0cnVlfQ%3D%3D
【研修動画】ビジネスコミュニケーション,【理解度テスト】テレアポの電話スクリプト作成,0:01:00,https://01entrepreneur.quizgenerator.net/sys/?action=quizPlayer&options=eyJzY29faWQiOjUwNjg1NjksImhlYWRlciI6eyJnb29kIjp7InZpc2libGUiOnRydWV9fSwiYmFja19saXN0Ijp0cnVlfQ%3D%3D
【研修動画】ビジネスコミュニケーション,【動画】報告会議やミーティングの議題設定,0:05:55,https://01entrepreneur.quizgenerator.net/sys/?action=quizPlayer&options=eyJzY29faWQiOjUwNjg1NzQsImhlYWRlciI6eyJnb29kIjp7InZpc2libGUiOnRydWV9fSwiYmFja19saXN0Ijp0cnVlfQ%3D%3D
【研修動画】ビジネスコミュニケーション,【理解度テスト】報告会議やミーティングの議題設定,0:01:00,https://01entrepreneur.quizgenerator.net/sys/?action=quizPlayer&options=eyJzY29faWQiOjUwNjg1NzUsImhlYWRlciI6eyJnb29kIjp7InZpc2libGUiOnRydWV9fSwiYmFja19saXN0Ijp0cnVlfQ%3D%3D
【研修動画】ビジネスコミュニケーション,【動画】クロスレビュー,0:10:03,https://01entrepreneur.quizgenerator.net/sys/?action=quizPlayer&options=eyJzY29faWQiOjUwNjg1NzksImhlYWRlciI6eyJnb29kIjp7InZpc2libGUiOnRydWV9fSwiYmFja19saXN0Ijp0cnVlfQ%3D%3D
【研修動画】ビジネスコミュニケーション,【動画】アイデアレビュー,0:11:10,https://01entrepreneur.quizgenerator.net/sys/?action=quizPlayer&options=eyJzY29faWQiOjUwNjg1ODMsImhlYWRlciI6eyJnb29kIjp7InZpc2libGUiOnRydWV9fSwiYmFja19saXN0Ijp0cnVlfQ%3D%3D
【研修動画】ビジネスコミュニケーション,【動画】アンケート作成,0:10:21,https://01entrepreneur.quizgenerator.net/sys/?action=quizPlayer&options=eyJzY29faWQiOjUwNjg1ODcsImhlYWRlciI6eyJnb29kIjp7InZpc2libGUiOnRydWV9fSwiYmFja19saXN0Ijp0cnVlfQ%3D%3D
【研修動画】ビジネスコミュニケーション,【修了証】ビジネスコミュニケーション（研修動画）,0:00:00,
【研修動画】コンテンツ作成・編集,【動画】プレスリリースのドラフト作成,0:07:26,https://01entrepreneur.quizgenerator.net/sys/?action=quizPlayer&options=eyJzY29faWQiOjUwNjg1OTMsImhlYWRlciI6eyJnb29kIjp7InZpc2libGUiOnRydWV9fSwiYmFja19saXN0Ijp0cnVlfQ%3D%3D
【研修動画】コンテンツ作成・編集,【理解度テスト】プレスリリースのドラフト作成,0:01:00,https://01entrepreneur.quizgenerator.net/sys/?action=quizPlayer&options=eyJzY29faWQiOjUwNjg1OTQsImhlYWRlciI6eyJnb29kIjp7InZpc2libGUiOnRydWV9fSwiYmFja19saXN0Ijp0cnVlfQ%3D%3D
【研修動画】コンテンツ作成・編集,【動画】Web記事の作成方法,0:07:46,https://01entrepreneur.quizgenerator.net/sys/?action=quizPlayer&options=eyJzY29faWQiOjUwNjg1OTgsImhlYWRlciI6eyJnb29kIjp7InZpc2libGUiOnRydWV9fSwiYmFja19saXN0Ijp0cnVlfQ%3D%3D
【研修動画】コンテンツ作成・編集,【理解度テスト】Web記事の作成方法,0:01:00,https://01entrepreneur.quizgenerator.net/sys/?action=quizPlayer&options=eyJzY29faWQiOjUwNjg1OTksImhlYWRlciI6eyJnb29kIjp7InZpc2libGUiOnRydWV9fSwiYmFja19saXN0Ijp0cnVlfQ%3D%3D
【研修動画】コンテンツ作成・編集,【動画】英作文と小説の執筆方法,0:04:49,https://01entrepreneur.quizgenerator.net/sys/?action=quizPlayer&options=eyJzY29faWQiOjUwNjg2MDMsImhlYWRlciI6eyJnb29kIjp7InZpc2libGUiOnRydWV9fSwiYmFja19saXN0Ijp0cnVlfQ%3D%3D
【研修動画】コンテンツ作成・編集,【理解度テスト】英作文と小説の執筆方法,0:01:00,https://01entrepreneur.quizgenerator.net/sys/?action=quizPlayer&options=eyJzY29faWQiOjUwNjg2MDQsImhlYWRlciI6eyJnb29kIjp7InZpc2libGUiOnRydWV9fSwiYmFja19saXN0Ijp0cnVlfQ%3D%3D
【研修動画】コンテンツ作成・編集,【動画】文章校正の方法,0:05:48,https://01entrepreneur.quizgenerator.net/sys/?action=quizPlayer&options=eyJzY29faWQiOjUwNjg2MDgsImhlYWRlciI6eyJnb29kIjp7InZpc2libGUiOnRydWV9fSwiYmFja19saXN0Ijp0cnVlfQ%3D%3D
【研修動画】コンテンツ作成・編集,【理解度テスト】文章校正の方法,0:01:00,https://01entrepreneur.quizgenerator.net/sys/?action=quizPlayer&options=eyJzY29faWQiOjUwNjg2MDksImhlYWRlciI6eyJnb29kIjp7InZpc2libGUiOnRydWV9fSwiYmFja19saXN0Ijp0cnVlfQ%3D%3D
【研修動画】コンテンツ作成・編集,【動画】販売資料の作成,0:06:36,https://01entrepreneur.quizgenerator.net/sys/?action=quizPlayer&options=eyJzY29faWQiOjUwNjg2MTMsImhlYWRlciI6eyJnb29kIjp7InZpc2libGUiOnRydWV9fSwiYmFja19saXN0Ijp0cnVlfQ%3D%3D
【研修動画】コンテンツ作成・編集,【理解度テスト】販売資料の作成,0:01:00,https://01entrepreneur.quizgenerator.net/sys/?action=quizPlayer&options=eyJzY29faWQiOjUwNjg2MTQsImhlYWRlciI6eyJnb29kIjp7InZpc2libGUiOnRydWV9fSwiYmFja19saXN0Ijp0cnVlfQ%3D%3D
【研修動画】コンテンツ作成・編集,【動画】webサイトアカウント開設マニュアル,0:06:00,https://01entrepreneur.quizgenerator.net/sys/?action=quizPlayer&options=eyJzY29faWQiOjUwNjg2MTgsImhlYWRlciI6eyJnb29kIjp7InZpc2libGUiOnRydWV9fSwiYmFja19saXN0Ijp0cnVlfQ%3D%3D
【研修動画】コンテンツ作成・編集,【理解度テスト】webサイトアカウント開設マニュアル,0:01:00,https://01entrepreneur.quizgenerator.net/sys/?action=quizPlayer&options=eyJzY29faWQiOjUwNjg2MTksImhlYWRlciI6eyJnb29kIjp7InZpc2libGUiOnRydWV9fSwiYmFja19saXN0Ijp0cnVlfQ%3D%3D
【研修動画】コンテンツ作成・編集,【修了証】コンテンツ作成・編集（研修動画）,0:00:00,
【研修動画】ソーシャルメディア・マーケティング,【動画】SNS投稿アイデア提案,0:06:11,https://01entrepreneur.quizgenerator.net/sys/?action=quizPlayer&options=eyJzY29faWQiOjUwNjg2MjUsImhlYWRlciI6eyJnb29kIjp7InZpc2libGUiOnRydWV9fSwiYmFja19saXN0Ijp0cnVlfQ%3D%3D
【研修動画】ソーシャルメディア・マーケティング,【理解度テスト】SNS投稿アイデア提案,0:01:00,https://01entrepreneur.quizgenerator.net/sys/?action=quizPlayer&options=eyJzY29faWQiOjUwNjg2MjYsImhlYWRlciI6eyJnb29kIjp7InZpc2libGUiOnRydWV9fSwiYmFja19saXN0Ijp0cnVlfQ%3D%3D
【研修動画】ソーシャルメディア・マーケティング,【動画】X（Twitter）投稿案作成方法,0:07:22,https://01entrepreneur.quizgenerator.net/sys/?action=quizPlayer&options=eyJzY29faWQiOjUwNjg2MzAsImhlYWRlciI6eyJnb29kIjp7InZpc2libGUiOnRydWV9fSwiYmFja19saXN0Ijp0cnVlfQ%3D%3D
【研修動画】ソーシャルメディア・マーケティング,【理解度テスト】X（Twitter）投稿案作成方法,0:01:00,https://01entrepreneur.quizgenerator.net/sys/?action=quizPlayer&options=eyJzY29faWQiOjUwNjg2MzEsImhlYWRlciI6eyJnb29kIjp7InZpc2libGUiOnRydWV9fSwiYmFja19saXN0Ijp0cnVlfQ%3D%3D
【研修動画】ソーシャルメディア・マーケティング,【動画】ツイート分析方法,0:09:01,https://01entrepreneur.quizgenerator.net/sys/?action=quizPlayer&options=eyJzY29faWQiOjUwNjg2NDIsImhlYWRlciI6eyJnb29kIjp7InZpc2libGUiOnRydWV9fSwiYmFja19saXN0Ijp0cnVlfQ%3D%3D
【研修動画】ソーシャルメディア・マーケティング,【理解度テスト】ツイート分析方法,0:01:00,https://01entrepreneur.quizgenerator.net/sys/?action=quizPlayer&options=eyJzY29faWQiOjUwNjg2NDMsImhlYWRlciI6eyJnb29kIjp7InZpc2libGUiOnRydWV9fSwiYmFja19saXN0Ijp0cnVlfQ%3D%3D
【研修動画】ソーシャルメディア・マーケティング,【動画】広告コピー作成,0:05:28,https://01entrepreneur.quizgenerator.net/sys/?action=quizPlayer&options=eyJzY29faWQiOjUwNjg2NDcsImhlYWRlciI6eyJnb29kIjp7InZpc2libGUiOnRydWV9fSwiYmFja19saXN0Ijp0cnVlfQ%3D%3D
【研修動画】ソーシャルメディア・マーケティング,【理解度テスト】広告コピー作成,0:01:00,https://01entrepreneur.quizgenerator.net/sys/?action=quizPlayer&options=eyJzY29faWQiOjUwNjg2NDgsImhlYWRlciI6eyJnb29kIjp7InZpc2libGUiOnRydWV9fSwiYmFja19saXN0Ijp0cnVlfQ%3D%3D
【研修動画】ソーシャルメディア・マーケティング,【動画】クリエイティブな広告キャンペーンのアイデア出し,0:05:38,https://01entrepreneur.quizgenerator.net/sys/?action=quizPlayer&options=eyJzY29faWQiOjUwNjg2NTMsImhlYWRlciI6eyJnb29kIjp7InZpc2libGUiOnRydWV9fSwiYmFja19saXN0Ijp0cnVlfQ%3D%3D
【研修動画】ソーシャルメディア・マーケティング,【理解度テスト】クリエイティブな広告キャンペーンのアイデア出し,0:01:00,https://01entrepreneur.quizgenerator.net/sys/?action=quizPlayer&options=eyJzY29faWQiOjUwNjg2NTQsImhlYWRlciI6eyJnb29kIjp7InZpc2libGUiOnRydWV9fSwiYmFja19saXN0Ijp0cnVlfQ%3D%3D
【研修動画】ソーシャルメディア・マーケティング,【修了証】ソーシャルメディア・マーケティング（研修動画）,0:00:00,
【研修動画】イベント・企画運営,【動画】ワークショップや研修の企画,0:05:53,https://01entrepreneur.quizgenerator.net/sys/?action=quizPlayer&options=eyJzY29faWQiOjUwNjg2NjAsImhlYWRlciI6eyJnb29kIjp7InZpc2libGUiOnRydWV9fSwiYmFja19saXN0Ijp0cnVlfQ%3D%3D
【研修動画】イベント・企画運営,【理解度テスト】ワークショップや研修の企画,0:01:00,https://01entrepreneur.quizgenerator.net/sys/?action=quizPlayer&options=eyJzY29faWQiOjUwNjg2NjEsImhlYWRlciI6eyJnb29kIjp7InZpc2libGUiOnRydWV9fSwiYmFja19saXN0Ijp0cnVlfQ%3D%3D
【研修動画】イベント・企画運営,【動画】コンテンツ企画の改善,0:06:09,https://01entrepreneur.quizgenerator.net/sys/?action=quizPlayer&options=eyJzY29faWQiOjUwNjg2NjUsImhlYWRlciI6eyJnb29kIjp7InZpc2libGUiOnRydWV9fSwiYmFja19saXN0Ijp0cnVlfQ%3D%3D
【研修動画】イベント・企画運営,【理解度テスト】コンテンツ企画の改善,0:01:00,https://01entrepreneur.quizgenerator.net/sys/?action=quizPlayer&options=eyJzY29faWQiOjUwNjg2NjYsImhlYWRlciI6eyJnb29kIjp7InZpc2libGUiOnRydWV9fSwiYmFja19saXN0Ijp0cnVlfQ%3D%3D
【研修動画】イベント・企画運営,【動画】イベント企画やプロモーション活動のアイデア生成,0:07:31,https://01entrepreneur.quizgenerator.net/sys/?action=quizPlayer&options=eyJzY29faWQiOjUwNjg2NzAsImhlYWRlciI6eyJnb29kIjp7InZpc2libGUiOnRydWV9fSwiYmFja19saXN0Ijp0cnVlfQ%3D%3D
【研修動画】イベント・企画運営,【理解度テスト】イベント企画やプロモーション活動のアイデア生成,0:01:00,https://01entrepreneur.quizgenerator.net/sys/?action=quizPlayer&options=eyJzY29faWQiOjUwNjg2NzEsImhlYWRlciI6eyJnb29kIjp7InZpc2libGUiOnRydWV9fSwiYmFja19saXN0Ijp0cnVlfQ%3D%3D
【研修動画】イベント・企画運営,【動画】クリエイティブなイベント名やキャッチフレーズの考案,0:04:49,https://01entrepreneur.quizgenerator.net/sys/?action=quizPlayer&options=eyJzY29faWQiOjUwNjg2NzUsImhlYWRlciI6eyJnb29kIjp7InZpc2libGUiOnRydWV9fSwiYmFja19saXN0Ijp0cnVlfQ%3D%3D
【研修動画】イベント・企画運営,【理解度テスト】クリエイティブなイベント名やキャッチフレーズの考案,0:01:00,https://01entrepreneur.quizgenerator.net/sys/?action=quizPlayer&options=eyJzY29faWQiOjUwNjg2NzYsImhlYWRlciI6eyJnb29kIjp7InZpc2libGUiOnRydWV9fSwiYmFja19saXN0Ijp0cnVlfQ%3D%3D
【研修動画】イベント・企画運営,【動画】インタビューの質問準備,0:06:56,https://01entrepreneur.quizgenerator.net/sys/?action=quizPlayer&options=eyJzY29faWQiOjUwNjg2ODAsImhlYWRlciI6eyJnb29kIjp7InZpc2libGUiOnRydWV9fSwiYmFja19saXN0Ijp0cnVlfQ%3D%3D
【研修動画】イベント・企画運営,【理解度テスト】インタビューの質問準備,0:01:00,https://01entrepreneur.quizgenerator.net/sys/?action=quizPlayer&options=eyJzY29faWQiOjUwNjg2ODEsImhlYWRlciI6eyJnb29kIjp7InZpc2libGUiOnRydWV9fSwiYmFja19saXN0Ijp0cnVlfQ%3D%3D
【研修動画】イベント・企画運営,【修了証】イベント・企画運営（研修動画）,0:00:00,
【研修動画】専門文書作成,【動画】資料翻訳のサポート,0:06:04,https://01entrepreneur.quizgenerator.net/sys/?action=quizPlayer&options=eyJzY29faWQiOjUwNjg2ODcsImhlYWRlciI6eyJnb29kIjp7InZpc2libGUiOnRydWV9fSwiYmFja19saXN0Ijp0cnVlfQ%3D%3D
【研修動画】専門文書作成,【理解度テスト】資料翻訳のサポート,0:01:00,https://01entrepreneur.quizgenerator.net/sys/?action=quizPlayer&options=eyJzY29faWQiOjUwNjg2ODgsImhlYWRlciI6eyJnb29kIjp7InZpc2libGUiOnRydWV9fSwiYmFja19saXN0Ijp0cnVlfQ%3D%3D
【研修動画】専門文書作成,【動画】ビジネスモデルの評価,0:07:37,https://01entrepreneur.quizgenerator.net/sys/?action=quizPlayer&options=eyJzY29faWQiOjUwNjg2OTIsImhlYWRlciI6eyJnb29kIjp7InZpc2libGUiOnRydWV9fSwiYmFja19saXN0Ijp0cnVlfQ%3D%3D
【研修動画】専門文書作成,【理解度テスト】ビジネスモデルの評価,0:01:00,https://01entrepreneur.quizgenerator.net/sys/?action=quizPlayer&options=eyJzY29faWQiOjUwNjg2OTMsImhlYWRlciI6eyJnb29kIjp7InZpc2libGUiOnRydWV9fSwiYmFja19saXN0Ijp0cnVlfQ%3D%3D
【研修動画】専門文書作成,【動画】ビジネス事例の市場分析,0:05:20,https://01entrepreneur.quizgenerator.net/sys/?action=quizPlayer&options=eyJzY29faWQiOjUwNjg2OTcsImhlYWRlciI6eyJnb29kIjp7InZpc2libGUiOnRydWV9fSwiYmFja19saXN0Ijp0cnVlfQ%3D%3D
【研修動画】専門文書作成,【理解度テスト】ビジネス事例の市場分析,0:01:00,https://01entrepreneur.quizgenerator.net/sys/?action=quizPlayer&options=eyJzY29faWQiOjUwNjg2OTgsImhlYWRlciI6eyJnb29kIjp7InZpc2libGUiOnRydWV9fSwiYmFja19saXN0Ijp0cnVlfQ%3D%3D
【研修動画】専門文書作成,【修了証】専門文書作成（研修動画）,0:00:00,
【研修動画】カスタマーサポート・サービス,【動画】クレーム対応の最適化,0:05:58,https://01entrepreneur.quizgenerator.net/sys/?action=quizPlayer&options=eyJzY29faWQiOjUwNjg3MDQsImhlYWRlciI6eyJnb29kIjp7InZpc2libGUiOnRydWV9fSwiYmFja19saXN0Ijp0cnVlfQ%3D%3D
【研修動画】カスタマーサポート・サービス,【理解度テスト】クレーム対応の最適化,0:01:00,https://01entrepreneur.quizgenerator.net/sys/?action=quizPlayer&options=eyJzY29faWQiOjUwNjg3MDYsImhlYWRlciI6eyJnb29kIjp7InZpc2libGUiOnRydWV9fSwiYmFja19saXN0Ijp0cnVlfQ%3D%3D
【研修動画】カスタマーサポート・サービス,【動画】FAQの作成,0:06:40,https://01entrepreneur.quizgenerator.net/sys/?action=quizPlayer&options=eyJzY29faWQiOjUwNjg3MTAsImhlYWRlciI6eyJnb29kIjp7InZpc2libGUiOnRydWV9fSwiYmFja19saXN0Ijp0cnVlfQ%3D%3D
【研修動画】カスタマーサポート・サービス,【理解度テスト】FAQの作成,0:01:00,https://01entrepreneur.quizgenerator.net/sys/?action=quizPlayer&options=eyJzY29faWQiOjUwNjg3MTEsImhlYWRlciI6eyJnb29kIjp7InZpc2libGUiOnRydWV9fSwiYmFja19saXN0Ijp0cnVlfQ%3D%3D
【研修動画】カスタマーサポート・サービス,【修了証】カスタマーサポート・サービス（研修動画）,0:00:00,
【研修動画】生成AI,【動画】ミッドジャーニーの使い方,0:07:28,https://01entrepreneur.quizgenerator.net/sys/?action=quizPlayer&options=eyJzY29faWQiOjUwNjg3MTcsImhlYWRlciI6eyJnb29kIjp7InZpc2libGUiOnRydWV9fSwiYmFja19saXN0Ijp0cnVlfQ%3D%3D
【研修動画】生成AI,【理解度テスト】ミッドジャーニーの使い方,0:01:00,https://01entrepreneur.quizgenerator.net/sys/?action=quizPlayer&options=eyJzY29faWQiOjUwNjg3MTgsImhlYWRlciI6eyJnb29kIjp7InZpc2libGUiOnRydWV9fSwiYmFja19saXN0Ijp0cnVlfQ%3D%3D
【研修動画】生成AI,【動画】画像生成AIのプロンプト作成方法,0:07:28,https://01entrepreneur.quizgenerator.net/sys/?action=quizPlayer&options=eyJzY29faWQiOjUwNjg3MjAsImhlYWRlciI6eyJnb29kIjp7InZpc2libGUiOnRydWV9fSwiYmFja19saXN0Ijp0cnVlfQ%3D%3D
【研修動画】生成AI,【理解度テスト】画像生成AIのプロンプト作成方法,0:01:00,https://01entrepreneur.quizgenerator.net/sys/?action=quizPlayer&options=eyJzY29faWQiOjUwNjg3MjEsImhlYWRlciI6eyJnb29kIjp7InZpc2libGUiOnRydWV9fSwiYmFja19saXN0Ijp0cnVlfQ%3D%3D
【研修動画】生成AI,【動画】Bing AI Chatの利用方法,0:07:43,https://01entrepreneur.quizgenerator.net/sys/?action=quizPlayer&options=eyJzY29faWQiOjUwNjg3MjYsImhlYWRlciI6eyJnb29kIjp7InZpc2libGUiOnRydWV9fSwiYmFja19saXN0Ijp0cnVlfQ%3D%3D
【研修動画】生成AI,【理解度テスト】Bing AI Chatの利用方法,0:01:00,https://01entrepreneur.quizgenerator.net/sys/?action=quizPlayer&options=eyJzY29faWQiOjUwNjg3MjcsImhlYWRlciI6eyJnb29kIjp7InZpc2libGUiOnRydWV9fSwiYmFja19saXN0Ijp0cnVlfQ%3D%3D
【研修動画】生成AI,【動画】Bing AIの具体的な活用法,0:05:40,https://01entrepreneur.quizgenerator.net/sys/?action=quizPlayer&options=eyJzY29faWQiOjUwNjg3MzEsImhlYWRlciI6eyJnb29kIjp7InZpc2libGUiOnRydWV9fSwiYmFja19saXN0Ijp0cnVlfQ%3D%3D
【研修動画】生成AI,【理解度テスト】Bing AIの具体的な活用法,0:01:00,https://01entrepreneur.quizgenerator.net/sys/?action=quizPlayer&options=eyJzY29faWQiOjUwNjg3MzIsImhlYWRlciI6eyJnb29kIjp7InZpc2libGUiOnRydWV9fSwiYmFja19saXN0Ijp0cnVlfQ%3D%3D
【研修動画】生成AI,【動画】Bing Image Creatorの使い方,0:05:58,https://01entrepreneur.quizgenerator.net/sys/?action=quizPlayer&options=eyJzY29faWQiOjUwNjg3MzYsImhlYWRlciI6eyJnb29kIjp7InZpc2libGUiOnRydWV9fSwiYmFja19saXN0Ijp0cnVlfQ%3D%3D
【研修動画】生成AI,【理解度テスト】Bing Image Creatorの使い方,0:01:00,https://01entrepreneur.quizgenerator.net/sys/?action=quizPlayer&options=eyJzY29faWQiOjUwNjg3MzcsImhlYWRlciI6eyJnb29kIjp7InZpc2libGUiOnRydWV9fSwiYmFja19saXN0Ijp0cnVlfQ%3D%3D
【研修動画】生成AI,【動画】Bing Image Creator 具体的活用方法,0:07:26,https://01entrepreneur.quizgenerator.net/sys/?action=quizPlayer&options=eyJzY29faWQiOjUwNjg3NDEsImhlYWRlciI6eyJnb29kIjp7InZpc2libGUiOnRydWV9fSwiYmFja19saXN0Ijp0cnVlfQ%3D%3D
【研修動画】生成AI,【修了証】生成AI（研修動画）,0:00:00,
【研修動画】応用編,【動画】ChatGPTの活用方法Excel編,0:09:12,https://01entrepreneur.quizgenerator.net/sys/?action=quizPlayer&options=eyJzY29faWQiOjUwNjg3NDcsImhlYWRlciI6eyJnb29kIjp7InZpc2libGUiOnRydWV9fSwiYmFja19saXN0Ijp0cnVlfQ%3D%3D
【研修動画】応用編,【理解度テスト】ChatGPTの活用方法Excel編,0:01:00,https://01entrepreneur.quizgenerator.net/sys/?action=quizPlayer&options=eyJzY29faWQiOjUwNjg3NDgsImhlYWRlciI6eyJnb29kIjp7InZpc2libGUiOnRydWV9fSwiYmFja19saXN0Ijp0cnVlfQ%3D%3D
【研修動画】応用編,【動画】ChatGPTの活用方法Excelマクロの活用,0:07:36,https://01entrepreneur.quizgenerator.net/sys/?action=quizPlayer&options=eyJzY29faWQiOjUwNjg3NTIsImhlYWRlciI6eyJnb29kIjp7InZpc2libGUiOnRydWV9fSwiYmFja19saXN0Ijp0cnVlfQ%3D%3D
【研修動画】応用編,【理解度テスト】ChatGPTの活用方法Excelマクロの活用,0:01:00,https://01entrepreneur.quizgenerator.net/sys/?action=quizPlayer&options=eyJzY29faWQiOjUwNjg3NTMsImhlYWRlciI6eyJnb29kIjp7InZpc2libGUiOnRydWV9fSwiYmFja19saXN0Ijp0cnVlfQ%3D%3D
【研修動画】応用編,【修了証】応用編（研修動画）,0:00:00,
【ワーク&ワーク解説】はじめに,【ワーク】ChatGPTとは何か？,0:18:00,https://01entrepreneur.quizgenerator.net/sys/?action=quizPlayer&options=eyJzY29faWQiOjUwNjg4NTIsImhlYWRlciI6eyJnb29kIjp7InZpc2libGUiOnRydWV9fSwiYmFja19saXN0Ijp0cnVlfQ%3D%3D
【ワーク&ワーク解説】はじめに,【動画 / ワーク回答例】ChatGPTとは何か？,0:05:02,https://01entrepreneur.quizgenerator.net/sys/?action=quizPlayer&options=eyJzY29faWQiOjUwNjg4NTMsImhlYWRlciI6eyJnb29kIjp7InZpc2libGUiOnRydWV9fSwiYmFja19saXN0Ijp0cnVlfQ%3D%3D
【ワーク&ワーク解説】はじめに,【ワーク】ChatGPTのアカウント作成方法,0:18:00,https://01entrepreneur.quizgenerator.net/sys/?action=quizPlayer&options=eyJzY29faWQiOjUwNjg4NTcsImhlYWRlciI6eyJnb29kIjp7InZpc2libGUiOnRydWV9fSwiYmFja19saXN0Ijp0cnVlfQ%3D%3D
【ワーク&ワーク解説】はじめに,【動画 / ワーク回答例】ChatGPTのアカウント作成方法,0:06:22,https://01entrepreneur.quizgenerator.net/sys/?action=quizPlayer&options=eyJzY29faWQiOjUwNjg4NTgsImhlYWRlciI6eyJnb29kIjp7InZpc2libGUiOnRydWV9fSwiYmFja19saXN0Ijp0cnVlfQ%3D%3D
【ワーク&ワーク解説】はじめに,【ワーク】ChatGPTの基本的な使い方,0:18:00,https://01entrepreneur.quizgenerator.net/sys/?action=quizPlayer&options=eyJzY29faWQiOjUwNjg4NjMsImhlYWRlciI6eyJnb29kIjp7InZpc2libGUiOnRydWV9fSwiYmFja19saXN0Ijp0cnVlfQ%3D%3D
【ワーク&ワーク解説】はじめに,【動画 / ワーク回答例】ChatGPTの基本的な使い方,0:08:18,https://01entrepreneur.quizgenerator.net/sys/?action=quizPlayer&options=eyJzY29faWQiOjUwNjg4NjQsImhlYWRlciI6eyJnb29kIjp7InZpc2libGUiOnRydWV9fSwiYmFja19saXN0Ijp0cnVlfQ%3D%3D
【ワーク&ワーク解説】はじめに,【ワーク】ChatGPTができないこと,0:06:00,https://01entrepreneur.quizgenerator.net/sys/?action=quizPlayer&options=eyJzY29faWQiOjUwNjg4NjgsImhlYWRlciI6eyJnb29kIjp7InZpc2libGUiOnRydWV9fSwiYmFja19saXN0Ijp0cnVlfQ%3D%3D
【ワーク&ワーク解説】はじめに,【動画 / ワーク回答例】ChatGPTができないこと,0:05:06,https://01entrepreneur.quizgenerator.net/sys/?action=quizPlayer&options=eyJzY29faWQiOjUwNjg4NjksImhlYWRlciI6eyJnb29kIjp7InZpc2libGUiOnRydWV9fSwiYmFja19saXN0Ijp0cnVlfQ%3D%3D
【ワーク&ワーク解説】はじめに,【ワーク】Made by OpenAI,0:15:30,https://01entrepreneur.quizgenerator.net/sys/?action=quizPlayer&options=eyJzY29faWQiOjUwNjg4NzMsImhlYWRlciI6eyJnb29kIjp7InZpc2libGUiOnRydWV9fSwiYmFja19saXN0Ijp0cnVlfQ%3D%3D
【ワーク&ワーク解説】はじめに,【動画 / ワーク回答例】Made by OpenAI,0:12:05,https://01entrepreneur.quizgenerator.net/sys/?action=quizPlayer&options=eyJzY29faWQiOjUwNjg4NzQsImhlYWRlciI6eyJnb29kIjp7InZpc2libGUiOnRydWV9fSwiYmFja19saXN0Ijp0cnVlfQ%3D%3D
【ワーク&ワーク解説】はじめに,【修了証】はじめに（ワーク&ワーク解説）,0:00:00,
【ワーク&ワーク解説】ビジネスコミュニケーション,【ワーク】営業メールテンプレートの作成,0:06:00,https://01entrepreneur.quizgenerator.net/sys/?action=quizPlayer&options=eyJzY29faWQiOjUwNjg4ODEsImhlYWRlciI6eyJnb29kIjp7InZpc2libGUiOnRydWV9fSwiYmFja19saXN0Ijp0cnVlfQ%3D%3D
【ワーク&ワーク解説】ビジネスコミュニケーション,【動画 / ワーク回答例】営業メールテンプレートの作成,0:09:19,https://01entrepreneur.quizgenerator.net/sys/?action=quizPlayer&options=eyJzY29faWQiOjUwNjg4ODIsImhlYWRlciI6eyJnb29kIjp7InZpc2libGUiOnRydWV9fSwiYmFja19saXN0Ijp0cnVlfQ%3D%3D
【ワーク&ワーク解説】ビジネスコミュニケーション,【ワーク】テレアポの電話スクリプト作成,0:06:00,https://01entrepreneur.quizgenerator.net/sys/?action=quizPlayer&options=eyJzY29faWQiOjUwNjg4ODYsImhlYWRlciI6eyJnb29kIjp7InZpc2libGUiOnRydWV9fSwiYmFja19saXN0Ijp0cnVlfQ%3D%3D
【ワーク&ワーク解説】ビジネスコミュニケーション,【動画 / ワーク回答例】テレアポの電話スクリプト作成,0:08:27,https://01entrepreneur.quizgenerator.net/sys/?action=quizPlayer&options=eyJzY29faWQiOjUwNjg4ODcsImhlYWRlciI6eyJnb29kIjp7InZpc2libGUiOnRydWV9fSwiYmFja19saXN0Ijp0cnVlfQ%3D%3D
【ワーク&ワーク解説】ビジネスコミュニケーション,【ワーク】報告会議やミーティングの議題設定,0:06:00,https://01entrepreneur.quizgenerator.net/sys/?action=quizPlayer&options=eyJzY29faWQiOjUwNjg4OTEsImhlYWRlciI6eyJnb29kIjp7InZpc2libGUiOnRydWV9fSwiYmFja19saXN0Ijp0cnVlfQ%3D%3D
【ワーク&ワーク解説】ビジネスコミュニケーション,【動画 / ワーク回答例】報告会議やミーティングの議題設定,0:11:33,https://01entrepreneur.quizgenerator.net/sys/?action=quizPlayer&options=eyJzY29faWQiOjUwNjg4OTIsImhlYWRlciI6eyJnb29kIjp7InZpc2libGUiOnRydWV9fSwiYmFja19saXN0Ijp0cnVlfQ%3D%3D
【ワーク&ワーク解説】ビジネスコミュニケーション,【ワーク】クロスレビュー,0:06:00,https://01entrepreneur.quizgenerator.net/sys/?action=quizPlayer&options=eyJzY29faWQiOjUwNjg4OTUsImhlYWRlciI6eyJnb29kIjp7InZpc2libGUiOnRydWV9fSwiYmFja19saXN0Ijp0cnVlfQ%3D%3D
【ワーク&ワーク解説】ビジネスコミュニケーション,【動画 / ワーク回答例】クロスレビュー,0:17:19,https://01entrepreneur.quizgenerator.net/sys/?action=quizPlayer&options=eyJzY29faWQiOjUwNjg4OTYsImhlYWRlciI6eyJnb29kIjp7InZpc2libGUiOnRydWV9fSwiYmFja19saXN0Ijp0cnVlfQ%3D%3D
【ワーク&ワーク解説】ビジネスコミュニケーション,【ワーク】アイデアレビュー,0:06:00,https://01entrepreneur.quizgenerator.net/sys/?action=quizPlayer&options=eyJzY29faWQiOjUwNjg4OTksImhlYWRlciI6eyJnb29kIjp7InZpc2libGUiOnRydWV9fSwiYmFja19saXN0Ijp0cnVlfQ%3D%3D
【ワーク&ワーク解説】ビジネスコミュニケーション,【動画 / ワーク回答例】アイデアレビュー,0:09:11,https://01entrepreneur.quizgenerator.net/sys/?action=quizPlayer&options=eyJzY29faWQiOjUwNjg5MDAsImhlYWRlciI6eyJnb29kIjp7InZpc2libGUiOnRydWV9fSwiYmFja19saXN0Ijp0cnVlfQ%3D%3D
【ワーク&ワーク解説】ビジネスコミュニケーション,【ワーク】アンケート作成,0:06:00,https://01entrepreneur.quizgenerator.net/sys/?action=quizPlayer&options=eyJzY29faWQiOjUwNjg5MDMsImhlYWRlciI6eyJnb29kIjp7InZpc2libGUiOnRydWV9fSwiYmFja19saXN0Ijp0cnVlfQ%3D%3D
【ワーク&ワーク解説】ビジネスコミュニケーション,【動画 / ワーク回答例】アンケート作成,0:15:48,https://01entrepreneur.quizgenerator.net/sys/?action=quizPlayer&options=eyJzY29faWQiOjUwNjg5MDQsImhlYWRlciI6eyJnb29kIjp7InZpc2libGUiOnRydWV9fSwiYmFja19saXN0Ijp0cnVlfQ%3D%3D
【ワーク&ワーク解説】ビジネスコミュニケーション,【修了証】ビジネスコミュニケーション（ワーク&ワーク解説）,0:00:00,
【ワーク&ワーク解説】コンテンツ作成・編集,【ワーク】プレスリリースのドラフト作成,0:06:00,https://01entrepreneur.quizgenerator.net/sys/?action=quizPlayer&options=eyJzY29faWQiOjUwNjg5MTEsImhlYWRlciI6eyJnb29kIjp7InZpc2libGUiOnRydWV9fSwiYmFja19saXN0Ijp0cnVlfQ%3D%3D
【ワーク&ワーク解説】コンテンツ作成・編集,【動画 / ワーク回答例】プレスリリースのドラフト作成,0:09:15,https://01entrepreneur.quizgenerator.net/sys/?action=quizPlayer&options=eyJzY29faWQiOjUwNjg5MTIsImhlYWRlciI6eyJnb29kIjp7InZpc2libGUiOnRydWV9fSwiYmFja19saXN0Ijp0cnVlfQ%3D%3D
【ワーク&ワーク解説】コンテンツ作成・編集,【ワーク】Web記事の作成方法,0:06:00,https://01entrepreneur.quizgenerator.net/sys/?action=quizPlayer&options=eyJzY29faWQiOjUwNjg5MTYsImhlYWRlciI6eyJnb29kIjp7InZpc2libGUiOnRydWV9fSwiYmFja19saXN0Ijp0cnVlfQ%3D%3D
【ワーク&ワーク解説】コンテンツ作成・編集,【動画 / ワーク回答例】Web記事の作成方法,0:12:44,https://01entrepreneur.quizgenerator.net/sys/?action=quizPlayer&options=eyJzY29faWQiOjUwNjg5MTcsImhlYWRlciI6eyJnb29kIjp7InZpc2libGUiOnRydWV9fSwiYmFja19saXN0Ijp0cnVlfQ%3D%3D
【ワーク&ワーク解説】コンテンツ作成・編集,【ワーク】英作文と小説の執筆方法,0:12:00,https://01entrepreneur.quizgenerator.net/sys/?action=quizPlayer&options=eyJzY29faWQiOjUwNjg5MjEsImhlYWRlciI6eyJnb29kIjp7InZpc2libGUiOnRydWV9fSwiYmFja19saXN0Ijp0cnVlfQ%3D%3D
【ワーク&ワーク解説】コンテンツ作成・編集,【動画 / ワーク回答例】英作文と小説の執筆方法,0:08:11,https://01entrepreneur.quizgenerator.net/sys/?action=quizPlayer&options=eyJzY29faWQiOjUwNjg5MjIsImhlYWRlciI6eyJnb29kIjp7InZpc2libGUiOnRydWV9fSwiYmFja19saXN0Ijp0cnVlfQ%3D%3D
【ワーク&ワーク解説】コンテンツ作成・編集,【ワーク】文章校正の方法,0:06:00,https://01entrepreneur.quizgenerator.net/sys/?action=quizPlayer&options=eyJzY29faWQiOjUwNjg5MjYsImhlYWRlciI6eyJnb29kIjp7InZpc2libGUiOnRydWV9fSwiYmFja19saXN0Ijp0cnVlfQ%3D%3D
【ワーク&ワーク解説】コンテンツ作成・編集,【動画 / ワーク回答例】文章校正の方法,0:07:54,https://01entrepreneur.quizgenerator.net/sys/?action=quizPlayer&options=eyJzY29faWQiOjUwNjg5MjcsImhlYWRlciI6eyJnb29kIjp7InZpc2libGUiOnRydWV9fSwiYmFja19saXN0Ijp0cnVlfQ%3D%3D
【ワーク&ワーク解説】コンテンツ作成・編集,【ワーク】販売資料の作成,0:06:00,https://01entrepreneur.quizgenerator.net/sys/?action=quizPlayer&options=eyJzY29faWQiOjUwNjg5MzEsImhlYWRlciI6eyJnb29kIjp7InZpc2libGUiOnRydWV9fSwiYmFja19saXN0Ijp0cnVlfQ%3D%3D
【ワーク&ワーク解説】コンテンツ作成・編集,【動画 / ワーク回答例】販売資料の作成,0:09:00,https://01entrepreneur.quizgenerator.net/sys/?action=quizPlayer&options=eyJzY29faWQiOjUwNjg5MzIsImhlYWRlciI6eyJnb29kIjp7InZpc2libGUiOnRydWV9fSwiYmFja19saXN0Ijp0cnVlfQ%3D%3D
【ワーク&ワーク解説】コンテンツ作成・編集,【ワーク】Webサイトアカウント開設マニュアル,0:06:00,https://01entrepreneur.quizgenerator.net/sys/?action=quizPlayer&options=eyJzY29faWQiOjUwNjg5MzYsImhlYWRlciI6eyJnb29kIjp7InZpc2libGUiOnRydWV9fSwiYmFja19saXN0Ijp0cnVlfQ%3D%3D
【ワーク&ワーク解説】コンテンツ作成・編集,【動画 / ワーク回答例】Webサイトアカウント開設マニュアル,0:08:48,https://01entrepreneur.quizgenerator.net/sys/?action=quizPlayer&options=eyJzY29faWQiOjUwNjg5MzcsImhlYWRlciI6eyJnb29kIjp7InZpc2libGUiOnRydWV9fSwiYmFja19saXN0Ijp0cnVlfQ%3D%3D
【ワーク&ワーク解説】コンテンツ作成・編集,【修了証】コンテンツ作成・編集（ワーク&ワーク解説）,0:00:00,
【ワーク&ワーク解説】ソーシャルメディア・マーケティング,【ワーク】SNS投稿アイデア提案,0:06:00,https://01entrepreneur.quizgenerator.net/sys/?action=quizPlayer&options=eyJzY29faWQiOjUwNjg5NDQsImhlYWRlciI6eyJnb29kIjp7InZpc2libGUiOnRydWV9fSwiYmFja19saXN0Ijp0cnVlfQ%3D%3D
【ワーク&ワーク解説】ソーシャルメディア・マーケティング,【動画 / ワーク回答例】SNS投稿アイデア提案,0:08:10,https://01entrepreneur.quizgenerator.net/sys/?action=quizPlayer&options=eyJzY29faWQiOjUwNjg5NDUsImhlYWRlciI6eyJnb29kIjp7InZpc2libGUiOnRydWV9fSwiYmFja19saXN0Ijp0cnVlfQ%3D%3D
【ワーク&ワーク解説】ソーシャルメディア・マーケティング,【ワーク】X（Twitter）投稿案作成方法,0:06:00,https://01entrepreneur.quizgenerator.net/sys/?action=quizPlayer&options=eyJzY29faWQiOjUwNjg5NDksImhlYWRlciI6eyJnb29kIjp7InZpc2libGUiOnRydWV9fSwiYmFja19saXN0Ijp0cnVlfQ%3D%3D
【ワーク&ワーク解説】ソーシャルメディア・マーケティング,【動画 / ワーク回答例】X（Twitter）投稿案作成方法,0:10:02,https://01entrepreneur.quizgenerator.net/sys/?action=quizPlayer&options=eyJzY29faWQiOjUwNjg5NTAsImhlYWRlciI6eyJnb29kIjp7InZpc2libGUiOnRydWV9fSwiYmFja19saXN0Ijp0cnVlfQ%3D%3D
【ワーク&ワーク解説】ソーシャルメディア・マーケティング,【ワーク】ツイート分析方法,0:06:00,https://01entrepreneur.quizgenerator.net/sys/?action=quizPlayer&options=eyJzY29faWQiOjUwNjg5NTUsImhlYWRlciI6eyJnb29kIjp7InZpc2libGUiOnRydWV9fSwiYmFja19saXN0Ijp0cnVlfQ%3D%3D
【ワーク&ワーク解説】ソーシャルメディア・マーケティング,【動画 / ワーク回答例】ツイート分析方法,0:05:38,https://01entrepreneur.quizgenerator.net/sys/?action=quizPlayer&options=eyJzY29faWQiOjUwNjg5NTYsImhlYWRlciI6eyJnb29kIjp7InZpc2libGUiOnRydWV9fSwiYmFja19saXN0Ijp0cnVlfQ%3D%3D
【ワーク&ワーク解説】ソーシャルメディア・マーケティング,【ワーク】広告コピー作成,0:06:00,https://01entrepreneur.quizgenerator.net/sys/?action=quizPlayer&options=eyJzY29faWQiOjUwNjg5NjEsImhlYWRlciI6eyJnb29kIjp7InZpc2libGUiOnRydWV9fSwiYmFja19saXN0Ijp0cnVlfQ%3D%3D
【ワーク&ワーク解説】ソーシャルメディア・マーケティング,【動画 / ワーク回答例】広告コピー作成,0:12:30,https://01entrepreneur.quizgenerator.net/sys/?action=quizPlayer&options=eyJzY29faWQiOjUwNjg5NjIsImhlYWRlciI6eyJnb29kIjp7InZpc2libGUiOnRydWV9fSwiYmFja19saXN0Ijp0cnVlfQ%3D%3D
【ワーク&ワーク解説】ソーシャルメディア・マーケティング,【ワーク】クリエイティブな広告キャンペーンのアイデア出し,0:06:00,https://01entrepreneur.quizgenerator.net/sys/?action=quizPlayer&options=eyJzY29faWQiOjUwNjg5NjYsImhlYWRlciI6eyJnb29kIjp7InZpc2libGUiOnRydWV9fSwiYmFja19saXN0Ijp0cnVlfQ%3D%3D
【ワーク&ワーク解説】ソーシャルメディア・マーケティング,【動画 / ワーク回答例】クリエイティブな広告キャンペーンのアイデア出し,0:11:53,https://01entrepreneur.quizgenerator.net/sys/?action=quizPlayer&options=eyJzY29faWQiOjUwNjg5NjcsImhlYWRlciI6eyJnb29kIjp7InZpc2libGUiOnRydWV9fSwiYmFja19saXN0Ijp0cnVlfQ%3D%3D
【ワーク&ワーク解説】ソーシャルメディア・マーケティング,【修了証】ソーシャルメディア・マーケティング（ワーク&ワーク解説）,0:00:00,
【ワーク&ワーク解説】イベント・企画運営,【ワーク】ワークショップや研修の企画,0:06:00,https://01entrepreneur.quizgenerator.net/sys/?action=quizPlayer&options=eyJzY29faWQiOjUwNjg5NzQsImhlYWRlciI6eyJnb29kIjp7InZpc2libGUiOnRydWV9fSwiYmFja19saXN0Ijp0cnVlfQ%3D%3D
【ワーク&ワーク解説】イベント・企画運営,【動画 / ワーク回答例】ワークショップや研修の企画,0:15:29,https://01entrepreneur.quizgenerator.net/sys/?action=quizPlayer&options=eyJzY29faWQiOjUwNjg5NzUsImhlYWRlciI6eyJnb29kIjp7InZpc2libGUiOnRydWV9fSwiYmFja19saXN0Ijp0cnVlfQ%3D%3D
【ワーク&ワーク解説】イベント・企画運営,【ワーク】コンテンツ企画の改善,0:06:00,https://01entrepreneur.quizgenerator.net/sys/?action=quizPlayer&options=eyJzY29faWQiOjUwNjg5NzksImhlYWRlciI6eyJnb29kIjp7InZpc2libGUiOnRydWV9fSwiYmFja19saXN0Ijp0cnVlfQ%3D%3D
【ワーク&ワーク解説】イベント・企画運営,【動画 / ワーク回答例】コンテンツ企画の改善,0:10:19,https://01entrepreneur.quizgenerator.net/sys/?action=quizPlayer&options=eyJzY29faWQiOjUwNjg5ODAsImhlYWRlciI6eyJnb29kIjp7InZpc2libGUiOnRydWV9fSwiYmFja19saXN0Ijp0cnVlfQ%3D%3D
【ワーク&ワーク解説】イベント・企画運営,【ワーク】イベント企画やプロモーション活動のアイデア生成,0:06:00,https://01entrepreneur.quizgenerator.net/sys/?action=quizPlayer&options=eyJzY29faWQiOjUwNjg5ODUsImhlYWRlciI6eyJnb29kIjp7InZpc2libGUiOnRydWV9fSwiYmFja19saXN0Ijp0cnVlfQ%3D%3D
【ワーク&ワーク解説】イベント・企画運営,【動画 / ワーク回答例】イベント企画やプロモーション活動のアイデア生成,0:11:51,https://01entrepreneur.quizgenerator.net/sys/?action=quizPlayer&options=eyJzY29faWQiOjUwNjg5ODYsImhlYWRlciI6eyJnb29kIjp7InZpc2libGUiOnRydWV9fSwiYmFja19saXN0Ijp0cnVlfQ%3D%3D
【ワーク&ワーク解説】イベント・企画運営,【ワーク】クリエイティブなイベント名やキャッチフレーズの考案,0:06:00,https://01entrepreneur.quizgenerator.net/sys/?action=quizPlayer&options=eyJzY29faWQiOjUwNjg5OTAsImhlYWRlciI6eyJnb29kIjp7InZpc2libGUiOnRydWV9fSwiYmFja19saXN0Ijp0cnVlfQ%3D%3D
【ワーク&ワーク解説】イベント・企画運営,【動画 / ワーク回答例】クリエイティブなイベント名やキャッチフレーズの考案,0:07:54,https://01entrepreneur.quizgenerator.net/sys/?action=quizPlayer&options=eyJzY29faWQiOjUwNjg5OTEsImhlYWRlciI6eyJnb29kIjp7InZpc2libGUiOnRydWV9fSwiYmFja19saXN0Ijp0cnVlfQ%3D%3D
【ワーク&ワーク解説】イベント・企画運営,【ワーク】インタビューの質問準備,0:06:00,https://01entrepreneur.quizgenerator.net/sys/?action=quizPlayer&options=eyJzY29faWQiOjUwNjg5OTUsImhlYWRlciI6eyJnb29kIjp7InZpc2libGUiOnRydWV9fSwiYmFja19saXN0Ijp0cnVlfQ%3D%3D
【ワーク&ワーク解説】イベント・企画運営,【動画 / ワーク回答例】インタビューの質問準備,0:13:18,https://01entrepreneur.quizgenerator.net/sys/?action=quizPlayer&options=eyJzY29faWQiOjUwNjg5OTYsImhlYWRlciI6eyJnb29kIjp7InZpc2libGUiOnRydWV9fSwiYmFja19saXN0Ijp0cnVlfQ%3D%3D
【ワーク&ワーク解説】イベント・企画運営,【修了証】イベント・企画運営（ワーク&ワーク解説）,0:00:00,
【ワーク&ワーク解説】専門文書作成,【ワーク】資料翻訳のサポート,0:06:00,https://01entrepreneur.quizgenerator.net/sys/?action=quizPlayer&options=eyJzY29faWQiOjUwNjkwMDQsImhlYWRlciI6eyJnb29kIjp7InZpc2libGUiOnRydWV9fSwiYmFja19saXN0Ijp0cnVlfQ%3D%3D
【ワーク&ワーク解説】専門文書作成,【動画 / ワーク回答例】資料翻訳のサポート,0:09:35,https://01entrepreneur.quizgenerator.net/sys/?action=quizPlayer&options=eyJzY29faWQiOjUwNjkwMDUsImhlYWRlciI6eyJnb29kIjp7InZpc2libGUiOnRydWV9fSwiYmFja19saXN0Ijp0cnVlfQ%3D%3D
【ワーク&ワーク解説】専門文書作成,【ワーク】ビジネスモデルの評価,0:24:00,https://01entrepreneur.quizgenerator.net/sys/?action=quizPlayer&options=eyJzY29faWQiOjUwNjkwMDksImhlYWRlciI6eyJnb29kIjp7InZpc2libGUiOnRydWV9fSwiYmFja19saXN0Ijp0cnVlfQ%3D%3D
【ワーク&ワーク解説】専門文書作成,【動画 / ワーク回答例】ビジネスモデルの評価,0:18:21,https://01entrepreneur.quizgenerator.net/sys/?action=quizPlayer&options=eyJzY29faWQiOjUwNjkwMTAsImhlYWRlciI6eyJnb29kIjp7InZpc2libGUiOnRydWV9fSwiYmFja19saXN0Ijp0cnVlfQ%3D%3D
【ワーク&ワーク解説】専門文書作成,【ワーク】ビジネス事例の市場分析,0:24:00,https://01entrepreneur.quizgenerator.net/sys/?action=quizPlayer&options=eyJzY29faWQiOjUwNjkwMTQsImhlYWRlciI6eyJnb29kIjp7InZpc2libGUiOnRydWV9fSwiYmFja19saXN0Ijp0cnVlfQ%3D%3D
【ワーク&ワーク解説】専門文書作成,【動画 / ワーク回答例】ビジネス事例の市場分析,0:13:17,https://01entrepreneur.quizgenerator.net/sys/?action=quizPlayer&options=eyJzY29faWQiOjUwNjkwMTUsImhlYWRlciI6eyJnb29kIjp7InZpc2libGUiOnRydWV9fSwiYmFja19saXN0Ijp0cnVlfQ%3D%3D
【ワーク&ワーク解説】専門文書作成,【修了証】専門文書作成（ワーク&ワーク解説）,0:00:00,
【ワーク&ワーク解説】カスタマーサポート・サービス,【ワーク】クレーム対応の最適化,0:18:00,https://01entrepreneur.quizgenerator.net/sys/?action=quizPlayer&options=eyJzY29faWQiOjUwNjkwMjMsImhlYWRlciI6eyJnb29kIjp7InZpc2libGUiOnRydWV9fSwiYmFja19saXN0Ijp0cnVlfQ%3D%3D
【ワーク&ワーク解説】カスタマーサポート・サービス,【動画 / ワーク回答例】クレーム対応の最適化,0:27:15,https://01entrepreneur.quizgenerator.net/sys/?action=quizPlayer&options=eyJzY29faWQiOjUwNjkwMjQsImhlYWRlciI6eyJnb29kIjp7InZpc2libGUiOnRydWV9fSwiYmFja19saXN0Ijp0cnVlfQ%3D%3D
【ワーク&ワーク解説】カスタマーサポート・サービス,【ワーク】FAQの作成,0:06:00,https://01entrepreneur.quizgenerator.net/sys/?action=quizPlayer&options=eyJzY29faWQiOjUwNjkwMjgsImhlYWRlciI6eyJnb29kIjp7InZpc2libGUiOnRydWV9fSwiYmFja19saXN0Ijp0cnVlfQ%3D%3D
【ワーク&ワーク解説】カスタマーサポート・サービス,【動画 / ワーク回答例】FAQの作成,0:13:59,https://01entrepreneur.quizgenerator.net/sys/?action=quizPlayer&options=eyJzY29faWQiOjUwNjkwMjksImhlYWRlciI6eyJnb29kIjp7InZpc2libGUiOnRydWV9fSwiYmFja19saXN0Ijp0cnVlfQ%3D%3D
【ワーク&ワーク解説】カスタマーサポート・サービス,【修了証】カスタマーサポート・サービス（ワーク&ワーク解説）,0:00:00,
【ワーク&ワーク解説】生成AI,【ワーク】画像生成AIのプロンプト作成方法,0:18:00,https://01entrepreneur.quizgenerator.net/sys/?action=quizPlayer&options=eyJzY29faWQiOjUwNjkwMzksImhlYWRlciI6eyJnb29kIjp7InZpc2libGUiOnRydWV9fSwiYmFja19saXN0Ijp0cnVlfQ%3D%3D
【ワーク&ワーク解説】生成AI,【動画 / ワーク回答例】画像生成AIのプロンプト作成方法,0:06:27,https://01entrepreneur.quizgenerator.net/sys/?action=quizPlayer&options=eyJzY29faWQiOjUwNjkwNDAsImhlYWRlciI6eyJnb29kIjp7InZpc2libGUiOnRydWV9fSwiYmFja19saXN0Ijp0cnVlfQ%3D%3D
【ワーク&ワーク解説】生成AI,【ワーク】Bing AI Chatの利用方法,0:12:00,https://01entrepreneur.quizgenerator.net/sys/?action=quizPlayer&options=eyJzY29faWQiOjUwNjkwNDQsImhlYWRlciI6eyJnb29kIjp7InZpc2libGUiOnRydWV9fSwiYmFja19saXN0Ijp0cnVlfQ%3D%3D
【ワーク&ワーク解説】生成AI,【動画 / ワーク回答例】Bing AI Chatの利用方法,0:07:46,https://01entrepreneur.quizgenerator.net/sys/?action=quizPlayer&options=eyJzY29faWQiOjUwNjkwNTUsImhlYWRlciI6eyJnb29kIjp7InZpc2libGUiOnRydWV9fSwiYmFja19saXN0Ijp0cnVlfQ%3D%3D
【ワーク&ワーク解説】生成AI,【ワーク】Bing AIの具体的な活用方法,0:18:00,https://01entrepreneur.quizgenerator.net/sys/?action=quizPlayer&options=eyJzY29faWQiOjUwNjkwNDksImhlYWRlciI6eyJnb29kIjp7InZpc2libGUiOnRydWV9fSwiYmFja19saXN0Ijp0cnVlfQ%3D%3D
【ワーク&ワーク解説】生成AI,【動画 / ワーク回答例】Bing AIの具体的な活用方法,0:15:20,https://01entrepreneur.quizgenerator.net/sys/?action=quizPlayer&options=eyJzY29faWQiOjUwNjkwNTksImhlYWRlciI6eyJnb29kIjp7InZpc2libGUiOnRydWV9fSwiYmFja19saXN0Ijp0cnVlfQ%3D%3D
【ワーク&ワーク解説】生成AI,【ワーク】Bing Image Creatorの使い方,0:12:00,https://01entrepreneur.quizgenerator.net/sys/?action=quizPlayer&options=eyJzY29faWQiOjUwNjkwNTQsImhlYWRlciI6eyJnb29kIjp7InZpc2libGUiOnRydWV9fSwiYmFja19saXN0Ijp0cnVlfQ%3D%3D
【ワーク&ワーク解説】生成AI,【動画 / ワーク回答例】Bing Image Creatorの使い方,0:05:11,https://01entrepreneur.quizgenerator.net/sys/?action=quizPlayer&options=eyJzY29faWQiOjUwNjkwNzMsImhlYWRlciI6eyJnb29kIjp7InZpc2libGUiOnRydWV9fSwiYmFja19saXN0Ijp0cnVlfQ%3D%3D
【ワーク&ワーク解説】生成AI,【ワーク】Bing Image Creator 具体的活用方法,0:15:00,https://01entrepreneur.quizgenerator.net/sys/?action=quizPlayer&options=eyJzY29faWQiOjUwNjkwNTgsImhlYWRlciI6eyJnb29kIjp7InZpc2libGUiOnRydWV9fSwiYmFja19saXN0Ijp0cnVlfQ%3D%3D
【ワーク&ワーク解説】生成AI,【動画 / ワーク回答例】Bing Image Creator 具体的活用方法,0:09:43,https://01entrepreneur.quizgenerator.net/sys/?action=quizPlayer&options=eyJzY29faWQiOjUwNjkwNzksImhlYWRlciI6eyJnb29kIjp7InZpc2libGUiOnRydWV9fSwiYmFja19saXN0Ijp0cnVlfQ%3D%3D
【ワーク&ワーク解説】生成AI,【修了証】生成AI（ワーク&ワーク解説）,0:00:00,
【ワーク&ワーク解説】応用編,【ワーク】ChatGPTの活用方法Excel編,0:24:00,https://01entrepreneur.quizgenerator.net/sys/?action=quizPlayer&options=eyJzY29faWQiOjUwNjkwNzIsImhlYWRlciI6eyJnb29kIjp7InZpc2libGUiOnRydWV9fSwiYmFja19saXN0Ijp0cnVlfQ%3D%3D
【ワーク&ワーク解説】応用編,【動画 / ワーク回答例】ChatGPTの活用方法Excel編,0:12:50,https://01entrepreneur.quizgenerator.net/sys/?action=quizPlayer&options=eyJzY29faWQiOjUwNjkwNDUsImhlYWRlciI6eyJnb29kIjp7InZpc2libGUiOnRydWV9fSwiYmFja19saXN0Ijp0cnVlfQ%3D%3D
【ワーク&ワーク解説】応用編,【ワーク】ChatGPTの活用方法Excelマクロの活用,0:18:00,https://01entrepreneur.quizgenerator.net/sys/?action=quizPlayer&options=eyJzY29faWQiOjUwNjkwNzcsImhlYWRlciI6eyJnb29kIjp7InZpc2libGUiOnRydWV9fSwiYmFja19saXN0Ijp0cnVlfQ%3D%3D
【ワーク&ワーク解説】応用編,【動画 / ワーク回答例】ChatGPTの活用方法Excelマクロの活用,0:09:30,https://01entrepreneur.quizgenerator.net/sys/?action=quizPlayer&options=eyJzY29faWQiOjUwNjkwNTAsImhlYWRlciI6eyJnb29kIjp7InZpc2libGUiOnRydWV9fSwiYmFja19saXN0Ijp0cnVlfQ%3D%3D
【ワーク&ワーク解説】応用編,【修了証】応用編（ワーク&ワーク解説）,0:00:00,
