フォルダ名,コンテンツ名,標準学習時間,URL,,,,,,,,
【研修動画】制作,【動画】ホームページ制作の目的と種類の理解,0:06:44,https://01entrepreneur.quizgenerator.net/sys/index.php?action=quizPlayer&options=eyJzY29faWQiOiI1NzU1NTE4IiwiYmFja19saXN0Ijp0cnVlLCJoZWFkZXIiOnsiZ29vZCI6eyJ2aXNpYmxlIjp0cnVlfX0sImZyb21fY291cnNlIjp0cnVlLCJmcm9tX2NvdXJzZV9pZCI6IjU3NDg3NDQifQ%3D%3D,,,,,,,,
【研修動画】制作,【理解度テスト】ホームページ制作の目的と種類の理解,0:03:00,https://01entrepreneur.quizgenerator.net/sys/?action=quizPlayer&options=eyJzY29faWQiOjU3NTU1MTksImhlYWRlciI6eyJnb29kIjp7InZpc2libGUiOnRydWV9fSwiYmFja19saXN0Ijp0cnVlfQ%3D%3D,,,,,,,,
【研修動画】制作,【動画】ペルソナ設定と活用,0:06:19,https://01entrepreneur.quizgenerator.net/sys/?action=quizPlayer&options=eyJzY29faWQiOjU3NTU1MjIsImhlYWRlciI6eyJnb29kIjp7InZpc2libGUiOnRydWV9fSwiYmFja19saXN0Ijp0cnVlfQ%3D%3D,,,,,,,,
【研修動画】制作,【理解度テスト】ペルソナ設定と活用,0:03:00,https://01entrepreneur.quizgenerator.net/sys/?action=quizPlayer&options=eyJzY29faWQiOjU3NTU1MjMsImhlYWRlciI6eyJnb29kIjp7InZpc2libGUiOnRydWV9fSwiYmFja19saXN0Ijp0cnVlfQ%3D%3D,,,,,,,,
【研修動画】制作,【動画】自社の強みを活かすビジネス戦略,0:08:08,https://01entrepreneur.quizgenerator.net/sys/?action=quizPlayer&options=eyJzY29faWQiOjU3NTU1MjUsImhlYWRlciI6eyJnb29kIjp7InZpc2libGUiOnRydWV9fSwiYmFja19saXN0Ijp0cnVlfQ%3D%3D,,,,,,,,
【研修動画】制作,【理解度テスト】自社の強みを活かすビジネス戦略,0:03:00,https://01entrepreneur.quizgenerator.net/sys/?action=quizPlayer&options=eyJzY29faWQiOjU3NTU1MjYsImhlYWRlciI6eyJnb29kIjp7InZpc2libGUiOnRydWV9fSwiYmFja19saXN0Ijp0cnVlfQ%3D%3D,,,,,,,,
【研修動画】制作,【動画】サイトの構成を考える,0:06:37,https://01entrepreneur.quizgenerator.net/sys/?action=quizPlayer&options=eyJzY29faWQiOjU3NTU1MjksImhlYWRlciI6eyJnb29kIjp7InZpc2libGUiOnRydWV9fSwiYmFja19saXN0Ijp0cnVlfQ%3D%3D,,,,,,,,
【研修動画】制作,【理解度テスト】サイトの構成を考える,0:03:00,https://01entrepreneur.quizgenerator.net/sys/?action=quizPlayer&options=eyJzY29faWQiOjU3NTU1MzAsImhlYWRlciI6eyJnb29kIjp7InZpc2libGUiOnRydWV9fSwiYmFja19saXN0Ijp0cnVlfQ%3D%3D,,,,,,,,
【研修動画】制作,【動画】サイトマップ作成方法と活用法,0:06:41,https://01entrepreneur.quizgenerator.net/sys/?action=quizPlayer&options=eyJzY29faWQiOjU3NTU1MzIsImhlYWRlciI6eyJnb29kIjp7InZpc2libGUiOnRydWV9fSwiYmFja19saXN0Ijp0cnVlfQ%3D%3D,,,,,,,,
【研修動画】制作,【理解度テスト】サイトマップ作成方法と活用法,0:03:00,https://01entrepreneur.quizgenerator.net/sys/?action=quizPlayer&options=eyJzY29faWQiOjU3NTU1MzMsImhlYWRlciI6eyJnb29kIjp7InZpc2libGUiOnRydWV9fSwiYmFja19saXN0Ijp0cnVlfQ%3D%3D,,,,,,,,
【研修動画】制作,【動画】ワイヤーフレームの作成方法,0:07:02,https://01entrepreneur.quizgenerator.net/sys/?action=quizPlayer&options=eyJzY29faWQiOjU3NTU1MzUsImhlYWRlciI6eyJnb29kIjp7InZpc2libGUiOnRydWV9fSwiYmFja19saXN0Ijp0cnVlfQ%3D%3D,,,,,,,,
【研修動画】制作,【理解度テスト】ワイヤーフレームの作成方法,0:03:00,https://01entrepreneur.quizgenerator.net/sys/?action=quizPlayer&options=eyJzY29faWQiOjU3NTU1MzYsImhlYWRlciI6eyJnb29kIjp7InZpc2libGUiOnRydWV9fSwiYmFja19saXN0Ijp0cnVlfQ%3D%3D,,,,,,,,
【研修動画】制作,【修了証】制作,0:00:00,,,,,,,,,
【研修動画】集客,【動画】検索エンジンの表示基準,0:05:59,https://01entrepreneur.quizgenerator.net/sys/?action=quizPlayer&options=eyJzY29faWQiOjU3NTU1NDAsImhlYWRlciI6eyJnb29kIjp7InZpc2libGUiOnRydWV9fSwiYmFja19saXN0Ijp0cnVlfQ%3D%3D,,,,,,,,
【研修動画】集客,【理解度テスト】検索エンジンの表示基準,0:03:00,https://01entrepreneur.quizgenerator.net/sys/?action=quizPlayer&options=eyJzY29faWQiOjU3NTU1NDEsImhlYWRlciI6eyJnb29kIjp7InZpc2libGUiOnRydWV9fSwiYmFja19saXN0Ijp0cnVlfQ%3D%3D,,,,,,,,
【研修動画】集客,【動画】検索エンジンに認識されやすい文章,0:05:30,https://01entrepreneur.quizgenerator.net/sys/?action=quizPlayer&options=eyJzY29faWQiOjU3NTU1NDMsImhlYWRlciI6eyJnb29kIjp7InZpc2libGUiOnRydWV9fSwiYmFja19saXN0Ijp0cnVlfQ%3D%3D,,,,,,,,
【研修動画】集客,【理解度テスト】検索エンジンに認識されやすい文章,0:03:00,https://01entrepreneur.quizgenerator.net/sys/?action=quizPlayer&options=eyJzY29faWQiOjU3NTU1NDQsImhlYWRlciI6eyJnb29kIjp7InZpc2libGUiOnRydWV9fSwiYmFja19saXN0Ijp0cnVlfQ%3D%3D,,,,,,,,
【研修動画】集客,【動画】自サイトがGoogleに認識されているかの確認,0:05:46,https://01entrepreneur.quizgenerator.net/sys/?action=quizPlayer&options=eyJzY29faWQiOjU3NTU1NDYsImhlYWRlciI6eyJnb29kIjp7InZpc2libGUiOnRydWV9fSwiYmFja19saXN0Ijp0cnVlfQ%3D%3D,,,,,,,,
【研修動画】集客,【理解度テスト】自サイトがGoogleに認識されているかの確認,0:03:00,https://01entrepreneur.quizgenerator.net/sys/?action=quizPlayer&options=eyJzY29faWQiOjU3NTU1NDcsImhlYWRlciI6eyJnb29kIjp7InZpc2libGUiOnRydWV9fSwiYmFja19saXN0Ijp0cnVlfQ%3D%3D,,,,,,,,
【研修動画】集客,【動画】SEOキーワード戦略と検索ユーザー傾向,0:09:55,https://01entrepreneur.quizgenerator.net/sys/?action=quizPlayer&options=eyJzY29faWQiOjU3NTU1NDksImhlYWRlciI6eyJnb29kIjp7InZpc2libGUiOnRydWV9fSwiYmFja19saXN0Ijp0cnVlfQ%3D%3D,,,,,,,,
【研修動画】集客,【理解度テスト】SEOキーワード戦略と検索ユーザー傾向,0:03:00,https://01entrepreneur.quizgenerator.net/sys/?action=quizPlayer&options=eyJzY29faWQiOjU3NTU1NTAsImhlYWRlciI6eyJnb29kIjp7InZpc2libGUiOnRydWV9fSwiYmFja19saXN0Ijp0cnVlfQ%3D%3D,,,,,,,,
【研修動画】集客,【動画】リンクデータの抽出・精査方法,0:05:39,https://01entrepreneur.quizgenerator.net/sys/?action=quizPlayer&options=eyJzY29faWQiOjU3NTU1NTIsImhlYWRlciI6eyJnb29kIjp7InZpc2libGUiOnRydWV9fSwiYmFja19saXN0Ijp0cnVlfQ%3D%3D,,,,,,,,
【研修動画】集客,【理解度テスト】リンクデータの抽出・精査方法,0:03:00,https://01entrepreneur.quizgenerator.net/sys/?action=quizPlayer&options=eyJzY29faWQiOjU3NTU1NTMsImhlYWRlciI6eyJnb29kIjp7InZpc2libGUiOnRydWV9fSwiYmFja19saXN0Ijp0cnVlfQ%3D%3D,,,,,,,,
【研修動画】集客,【動画】よくある誤解しがちなSEO,0:05:19,https://01entrepreneur.quizgenerator.net/sys/?action=quizPlayer&options=eyJzY29faWQiOjU3NTU1NTUsImhlYWRlciI6eyJnb29kIjp7InZpc2libGUiOnRydWV9fSwiYmFja19saXN0Ijp0cnVlfQ%3D%3D,,,,,,,,
【研修動画】集客,【理解度テスト】よくある誤解しがちなSEO,0:03:00,https://01entrepreneur.quizgenerator.net/sys/?action=quizPlayer&options=eyJzY29faWQiOjU3NTU1NTYsImhlYWRlciI6eyJnb29kIjp7InZpc2libGUiOnRydWV9fSwiYmFja19saXN0Ijp0cnVlfQ%3D%3D,,,,,,,,
【研修動画】集客,【動画】ページボリュームの大切さ,0:04:21,https://01entrepreneur.quizgenerator.net/sys/?action=quizPlayer&options=eyJzY29faWQiOjU3NTU1NTgsImhlYWRlciI6eyJnb29kIjp7InZpc2libGUiOnRydWV9fSwiYmFja19saXN0Ijp0cnVlfQ%3D%3D,,,,,,,,
【研修動画】集客,【理解度テスト】ページボリュームの大切さ,0:03:00,https://01entrepreneur.quizgenerator.net/sys/?action=quizPlayer&options=eyJzY29faWQiOjU3NTU1NTksImhlYWRlciI6eyJnb29kIjp7InZpc2libGUiOnRydWV9fSwiYmFja19saXN0Ijp0cnVlfQ%3D%3D,,,,,,,,
【研修動画】集客,【動画】ロングテールSEOの概要,0:07:07,https://01entrepreneur.quizgenerator.net/sys/?action=quizPlayer&options=eyJzY29faWQiOjU3NTU1NjEsImhlYWRlciI6eyJnb29kIjp7InZpc2libGUiOnRydWV9fSwiYmFja19saXN0Ijp0cnVlfQ%3D%3D,,,,,,,,
【研修動画】集客,【理解度テスト】ロングテールSEOの概要,0:03:00,https://01entrepreneur.quizgenerator.net/sys/?action=quizPlayer&options=eyJzY29faWQiOjU3NTU1NjIsImhlYWRlciI6eyJnb29kIjp7InZpc2libGUiOnRydWV9fSwiYmFja19saXN0Ijp0cnVlfQ%3D%3D,,,,,,,,
【研修動画】集客,【動画】ページ表示速度の重要性,0:06:11,https://01entrepreneur.quizgenerator.net/sys/?action=quizPlayer&options=eyJzY29faWQiOjU3NTU1NjUsImhlYWRlciI6eyJnb29kIjp7InZpc2libGUiOnRydWV9fSwiYmFja19saXN0Ijp0cnVlfQ%3D%3D,,,,,,,,
【研修動画】集客,【理解度テスト】ページ表示速度の重要性,0:03:00,https://01entrepreneur.quizgenerator.net/sys/?action=quizPlayer&options=eyJzY29faWQiOjU3NTU1NjYsImhlYWRlciI6eyJnb29kIjp7InZpc2libGUiOnRydWV9fSwiYmFja19saXN0Ijp0cnVlfQ%3D%3D,,,,,,,,
【研修動画】集客,【動画】HTTPSに切り替えることの重要性,0:07:02,https://01entrepreneur.quizgenerator.net/sys/?action=quizPlayer&options=eyJzY29faWQiOjU3NTU1NjgsImhlYWRlciI6eyJnb29kIjp7InZpc2libGUiOnRydWV9fSwiYmFja19saXN0Ijp0cnVlfQ%3D%3D,,,,,,,,
【研修動画】集客,【理解度テスト】HTTPSに切り替えることの重要性,0:03:00,https://01entrepreneur.quizgenerator.net/sys/?action=quizPlayer&options=eyJzY29faWQiOjU3NTU1NzAsImhlYWRlciI6eyJnb29kIjp7InZpc2libGUiOnRydWV9fSwiYmFja19saXN0Ijp0cnVlfQ%3D%3D,,,,,,,,
【研修動画】集客,【修了証】集客,0:00:00,,,,,,,,,
【研修動画】分析,【動画】ウェブマーケティングのデータ解析,0:06:20,https://01entrepreneur.quizgenerator.net/sys/?action=quizPlayer&options=eyJzY29faWQiOjU3NTU1NzUsImhlYWRlciI6eyJnb29kIjp7InZpc2libGUiOnRydWV9fSwiYmFja19saXN0Ijp0cnVlfQ%3D%3D,,,,,,,,
【研修動画】分析,【理解度テスト】ウェブマーケティングのデータ解析,0:03:00,https://01entrepreneur.quizgenerator.net/sys/?action=quizPlayer&options=eyJzY29faWQiOjU3NTU1NzYsImhlYWRlciI6eyJnb29kIjp7InZpc2libGUiOnRydWV9fSwiYmFja19saXN0Ijp0cnVlfQ%3D%3D,,,,,,,,
【研修動画】分析,【動画】ウェブマーケティングの解析と改善,0:07:51,https://01entrepreneur.quizgenerator.net/sys/?action=quizPlayer&options=eyJzY29faWQiOjU3NTU1NzgsImhlYWRlciI6eyJnb29kIjp7InZpc2libGUiOnRydWV9fSwiYmFja19saXN0Ijp0cnVlfQ%3D%3D,,,,,,,,
【研修動画】分析,【理解度テスト】ウェブマーケティングの解析と改善,0:03:00,https://01entrepreneur.quizgenerator.net/sys/?action=quizPlayer&options=eyJzY29faWQiOjU3NTU1NzksImhlYWRlciI6eyJnb29kIjp7InZpc2libGUiOnRydWV9fSwiYmFja19saXN0Ijp0cnVlfQ%3D%3D,,,,,,,,
【研修動画】分析,【動画】Google Analyticsを使ったウェブサイト改善の実例,0:05:50,https://01entrepreneur.quizgenerator.net/sys/?action=quizPlayer&options=eyJzY29faWQiOjU3NTU1ODEsImhlYWRlciI6eyJnb29kIjp7InZpc2libGUiOnRydWV9fSwiYmFja19saXN0Ijp0cnVlfQ%3D%3D,,,,,,,,
【研修動画】分析,【理解度テスト】Google Analyticsを使ったウェブサイト改善の実例,0:03:00,https://01entrepreneur.quizgenerator.net/sys/?action=quizPlayer&options=eyJzY29faWQiOjU3NTU1ODIsImhlYWRlciI6eyJnb29kIjp7InZpc2libGUiOnRydWV9fSwiYmFja19saXN0Ijp0cnVlfQ%3D%3D,,,,,,,,
【研修動画】分析,【修了証】分析,0:00:00,,,,,,,,,
【研修動画】広告,【動画】インターネット広告のメリット,0:07:03,https://01entrepreneur.quizgenerator.net/sys/?action=quizPlayer&options=eyJzY29faWQiOjU3NTU1ODYsImhlYWRlciI6eyJnb29kIjp7InZpc2libGUiOnRydWV9fSwiYmFja19saXN0Ijp0cnVlfQ%3D%3D,,,,,,,,
【研修動画】広告,【理解度テスト】インターネット広告のメリット,0:03:00,https://01entrepreneur.quizgenerator.net/sys/?action=quizPlayer&options=eyJzY29faWQiOjU3NTU1ODcsImhlYWRlciI6eyJnb29kIjp7InZpc2libGUiOnRydWV9fSwiYmFja19saXN0Ijp0cnVlfQ%3D%3D,,,,,,,,
【研修動画】広告,【動画】インターネット広告の種類と課金方式,0:08:05,https://01entrepreneur.quizgenerator.net/sys/?action=quizPlayer&options=eyJzY29faWQiOjU3NTU1OTAsImhlYWRlciI6eyJnb29kIjp7InZpc2libGUiOnRydWV9fSwiYmFja19saXN0Ijp0cnVlfQ%3D%3D,,,,,,,,
【研修動画】広告,【理解度テスト】インターネット広告の種類と課金方式,0:03:00,https://01entrepreneur.quizgenerator.net/sys/?action=quizPlayer&options=eyJzY29faWQiOjU3NTU1OTEsImhlYWRlciI6eyJnb29kIjp7InZpc2libGUiOnRydWV9fSwiYmFja19saXN0Ijp0cnVlfQ%3D%3D,,,,,,,,
【研修動画】広告,【動画】GDNターゲティングと広告効果の最大化,0:06:47,https://01entrepreneur.quizgenerator.net/sys/?action=quizPlayer&options=eyJzY29faWQiOjU3NTU1OTMsImhlYWRlciI6eyJnb29kIjp7InZpc2libGUiOnRydWV9fSwiYmFja19saXN0Ijp0cnVlfQ%3D%3D,,,,,,,,
【研修動画】広告,【理解度テスト】GDNターゲティングと広告効果の最大化,0:03:00,https://01entrepreneur.quizgenerator.net/sys/?action=quizPlayer&options=eyJzY29faWQiOjU3NTU1OTQsImhlYWRlciI6eyJnb29kIjp7InZpc2libGUiOnRydWV9fSwiYmFja19saXN0Ijp0cnVlfQ%3D%3D,,,,,,,,
【研修動画】広告,【動画】リターゲティング広告・アフィリエイト広告・ネイティブアドとは,0:07:45,https://01entrepreneur.quizgenerator.net/sys/?action=quizPlayer&options=eyJzY29faWQiOjU3NTU1OTcsImhlYWRlciI6eyJnb29kIjp7InZpc2libGUiOnRydWV9fSwiYmFja19saXN0Ijp0cnVlfQ%3D%3D,,,,,,,,
【研修動画】広告,【理解度テスト】リターゲティング広告・アフィリエイト広告・ネイティブアドとは,0:03:00,https://01entrepreneur.quizgenerator.net/sys/?action=quizPlayer&options=eyJzY29faWQiOjU3NTU1OTgsImhlYWRlciI6eyJnb29kIjp7InZpc2libGUiOnRydWV9fSwiYmFja19saXN0Ijp0cnVlfQ%3D%3D,,,,,,,,
【研修動画】広告,【動画】広告効果を出すための重要な要素,0:06:05,https://01entrepreneur.quizgenerator.net/sys/?action=quizPlayer&options=eyJzY29faWQiOjU3NTU2MDAsImhlYWRlciI6eyJnb29kIjp7InZpc2libGUiOnRydWV9fSwiYmFja19saXN0Ijp0cnVlfQ%3D%3D,,,,,,,,
【研修動画】広告,【理解度テスト】広告効果を出すための重要な要素,0:03:00,https://01entrepreneur.quizgenerator.net/sys/?action=quizPlayer&options=eyJzY29faWQiOjU3NTU2MDEsImhlYWRlciI6eyJnb29kIjp7InZpc2libGUiOnRydWV9fSwiYmFja19saXN0Ijp0cnVlfQ%3D%3D,,,,,,,,
【研修動画】広告,【動画】媒体の選定の考え方,0:06:15,https://01entrepreneur.quizgenerator.net/sys/?action=quizPlayer&options=eyJzY29faWQiOjU3NTU2MDMsImhlYWRlciI6eyJnb29kIjp7InZpc2libGUiOnRydWV9fSwiYmFja19saXN0Ijp0cnVlfQ%3D%3D,,,,,,,,
【研修動画】広告,【理解度テスト】媒体の選定の考え方,0:03:00,https://01entrepreneur.quizgenerator.net/sys/?action=quizPlayer&options=eyJzY29faWQiOjU3NTU2MDQsImhlYWRlciI6eyJnb29kIjp7InZpc2libGUiOnRydWV9fSwiYmFja19saXN0Ijp0cnVlfQ%3D%3D,,,,,,,,
【研修動画】広告,【修了証】広告,0:00:00,,,,,,,,,
【研修動画】BtoBマーケティング,【動画】インターネット時代の購買プロセス,0:06:54,https://01entrepreneur.quizgenerator.net/sys/?action=quizPlayer&options=eyJzY29faWQiOjU3NTU2MDgsImhlYWRlciI6eyJnb29kIjp7InZpc2libGUiOnRydWV9fSwiYmFja19saXN0Ijp0cnVlfQ%3D%3D,,,,,,,,
【研修動画】BtoBマーケティング,【理解度テスト】インターネット時代の購買プロセス,0:03:00,https://01entrepreneur.quizgenerator.net/sys/?action=quizPlayer&options=eyJzY29faWQiOjU3NTU2MDksImhlYWRlciI6eyJnb29kIjp7InZpc2libGUiOnRydWV9fSwiYmFja19saXN0Ijp0cnVlfQ%3D%3D,,,,,,,,
【研修動画】BtoBマーケティング,【動画】BtoBマーケティングの全体像,0:06:17,https://01entrepreneur.quizgenerator.net/sys/?action=quizPlayer&options=eyJzY29faWQiOjU3NTU2MTEsImhlYWRlciI6eyJnb29kIjp7InZpc2libGUiOnRydWV9fSwiYmFja19saXN0Ijp0cnVlfQ%3D%3D,,,,,,,,
【研修動画】BtoBマーケティング,【理解度テスト】BtoBマーケティングの全体像,0:03:00,https://01entrepreneur.quizgenerator.net/sys/?action=quizPlayer&options=eyJzY29faWQiOjU3NTU2MTIsImhlYWRlciI6eyJnb29kIjp7InZpc2libGUiOnRydWV9fSwiYmFja19saXN0Ijp0cnVlfQ%3D%3D,,,,,,,,
【研修動画】BtoBマーケティング,【動画】リードジェネレーションの概要と手法,0:06:36,https://01entrepreneur.quizgenerator.net/sys/?action=quizPlayer&options=eyJzY29faWQiOjU3NTU2MTQsImhlYWRlciI6eyJnb29kIjp7InZpc2libGUiOnRydWV9fSwiYmFja19saXN0Ijp0cnVlfQ%3D%3D,,,,,,,,
【研修動画】BtoBマーケティング,【理解度テスト】リードジェネレーションの概要と手法,0:03:00,https://01entrepreneur.quizgenerator.net/sys/?action=quizPlayer&options=eyJzY29faWQiOjU3NTU2MTUsImhlYWRlciI6eyJnb29kIjp7InZpc2libGUiOnRydWV9fSwiYmFja19saXN0Ijp0cnVlfQ%3D%3D,,,,,,,,
【研修動画】BtoBマーケティング,【動画】リードナーチャリングの基本と活用法,0:05:35,https://01entrepreneur.quizgenerator.net/sys/?action=quizPlayer&options=eyJzY29faWQiOjU3NTU2MTcsImhlYWRlciI6eyJnb29kIjp7InZpc2libGUiOnRydWV9fSwiYmFja19saXN0Ijp0cnVlfQ%3D%3D,,,,,,,,
【研修動画】BtoBマーケティング,【理解度テスト】リードナーチャリングの基本と活用法,0:03:00,https://01entrepreneur.quizgenerator.net/sys/?action=quizPlayer&options=eyJzY29faWQiOjU3NTU2MTgsImhlYWRlciI6eyJnb29kIjp7InZpc2libGUiOnRydWV9fSwiYmFja19saXN0Ijp0cnVlfQ%3D%3D,,,,,,,,
【研修動画】BtoBマーケティング,【動画】リードクオリフィケーションの概要と重要性,0:06:04,https://01entrepreneur.quizgenerator.net/sys/?action=quizPlayer&options=eyJzY29faWQiOjU3NTU2MjIsImhlYWRlciI6eyJnb29kIjp7InZpc2libGUiOnRydWV9fSwiYmFja19saXN0Ijp0cnVlfQ%3D%3D,,,,,,,,
【研修動画】BtoBマーケティング,【理解度テスト】リードクオリフィケーションの概要と重要性,0:03:00,https://01entrepreneur.quizgenerator.net/sys/?action=quizPlayer&options=eyJzY29faWQiOjU3NTU2MjMsImhlYWRlciI6eyJnb29kIjp7InZpc2libGUiOnRydWV9fSwiYmFja19saXN0Ijp0cnVlfQ%3D%3D,,,,,,,,
【研修動画】BtoBマーケティング,【修了証】BtoBマーケティング,0:00:00,,,,,,,,,
【研修動画】SNS活用,【動画】ビジネスでのSNS,0:06:10,https://01entrepreneur.quizgenerator.net/sys/?action=quizPlayer&options=eyJzY29faWQiOjU3NTU2MjcsImhlYWRlciI6eyJnb29kIjp7InZpc2libGUiOnRydWV9fSwiYmFja19saXN0Ijp0cnVlfQ%3D%3D,,,,,,,,
【研修動画】SNS活用,【理解度テスト】ビジネスでのSNS,0:03:00,https://01entrepreneur.quizgenerator.net/sys/?action=quizPlayer&options=eyJzY29faWQiOjU3NTU2MjgsImhlYWRlciI6eyJnb29kIjp7InZpc2libGUiOnRydWV9fSwiYmFja19saXN0Ijp0cnVlfQ%3D%3D,,,,,,,,
【研修動画】SNS活用,【動画】さまざまなSNSの種類,0:06:35,https://01entrepreneur.quizgenerator.net/sys/?action=quizPlayer&options=eyJzY29faWQiOjU3NTU2MzAsImhlYWRlciI6eyJnb29kIjp7InZpc2libGUiOnRydWV9fSwiYmFja19saXN0Ijp0cnVlfQ%3D%3D,,,,,,,,
【研修動画】SNS活用,【理解度テスト】さまざまなSNSの種類,0:03:00,https://01entrepreneur.quizgenerator.net/sys/?action=quizPlayer&options=eyJzY29faWQiOjU3NTU2MzEsImhlYWRlciI6eyJnb29kIjp7InZpc2libGUiOnRydWV9fSwiYmFja19saXN0Ijp0cnVlfQ%3D%3D,,,,,,,,
【研修動画】SNS活用,【動画】SNS運用の事前準備,0:05:48,https://01entrepreneur.quizgenerator.net/sys/?action=quizPlayer&options=eyJzY29faWQiOjU3NTU2MzMsImhlYWRlciI6eyJnb29kIjp7InZpc2libGUiOnRydWV9fSwiYmFja19saXN0Ijp0cnVlfQ%3D%3D,,,,,,,,
【研修動画】SNS活用,【理解度テスト】SNS運用の事前準備,0:03:00,https://01entrepreneur.quizgenerator.net/sys/?action=quizPlayer&options=eyJzY29faWQiOjU3NTU2MzQsImhlYWRlciI6eyJnb29kIjp7InZpc2libGUiOnRydWV9fSwiYmFja19saXN0Ijp0cnVlfQ%3D%3D,,,,,,,,
【研修動画】SNS活用,【動画】SNSアカウント作成のコツ,0:07:15,https://01entrepreneur.quizgenerator.net/sys/?action=quizPlayer&options=eyJzY29faWQiOjU3NTU2MzYsImhlYWRlciI6eyJnb29kIjp7InZpc2libGUiOnRydWV9fSwiYmFja19saXN0Ijp0cnVlfQ%3D%3D,,,,,,,,
【研修動画】SNS活用,【理解度テスト】SNSアカウント作成のコツ,0:03:00,https://01entrepreneur.quizgenerator.net/sys/?action=quizPlayer&options=eyJzY29faWQiOjU3NTU2MzcsImhlYWRlciI6eyJnb29kIjp7InZpc2libGUiOnRydWV9fSwiYmFja19saXN0Ijp0cnVlfQ%3D%3D,,,,,,,,
【研修動画】SNS活用,【動画】投稿内容の作成,0:06:41,https://01entrepreneur.quizgenerator.net/sys/?action=quizPlayer&options=eyJzY29faWQiOjU3NTU2MzksImhlYWRlciI6eyJnb29kIjp7InZpc2libGUiOnRydWV9fSwiYmFja19saXN0Ijp0cnVlfQ%3D%3D,,,,,,,,
【研修動画】SNS活用,【理解度テスト】投稿内容の作成,0:03:00,https://01entrepreneur.quizgenerator.net/sys/?action=quizPlayer&options=eyJzY29faWQiOjU3NTU2NDAsImhlYWRlciI6eyJnb29kIjp7InZpc2libGUiOnRydWV9fSwiYmFja19saXN0Ijp0cnVlfQ%3D%3D,,,,,,,,
【研修動画】SNS活用,【動画】実際に投稿する,0:06:56,https://01entrepreneur.quizgenerator.net/sys/?action=quizPlayer&options=eyJzY29faWQiOjU3NTU2NDIsImhlYWRlciI6eyJnb29kIjp7InZpc2libGUiOnRydWV9fSwiYmFja19saXN0Ijp0cnVlfQ%3D%3D,,,,,,,,
【研修動画】SNS活用,【理解度テスト】実際に投稿する,0:03:00,https://01entrepreneur.quizgenerator.net/sys/?action=quizPlayer&options=eyJzY29faWQiOjU3NTU2NDMsImhlYWRlciI6eyJnb29kIjp7InZpc2libGUiOnRydWV9fSwiYmFja19saXN0Ijp0cnVlfQ%3D%3D,,,,,,,,
【研修動画】SNS活用,【動画】コメント対応,0:06:45,https://01entrepreneur.quizgenerator.net/sys/?action=quizPlayer&options=eyJzY29faWQiOjU3NTU2NDUsImhlYWRlciI6eyJnb29kIjp7InZpc2libGUiOnRydWV9fSwiYmFja19saXN0Ijp0cnVlfQ%3D%3D,,,,,,,,
【研修動画】SNS活用,【理解度テスト】コメント対応,0:03:00,https://01entrepreneur.quizgenerator.net/sys/?action=quizPlayer&options=eyJzY29faWQiOjU3NTU2NDYsImhlYWRlciI6eyJnb29kIjp7InZpc2libGUiOnRydWV9fSwiYmFja19saXN0Ijp0cnVlfQ%3D%3D,,,,,,,,
【研修動画】SNS活用,【動画】フォロワーを集める方法,0:05:09,https://01entrepreneur.quizgenerator.net/sys/?action=quizPlayer&options=eyJzY29faWQiOjU3NTU2NDksImhlYWRlciI6eyJnb29kIjp7InZpc2libGUiOnRydWV9fSwiYmFja19saXN0Ijp0cnVlfQ%3D%3D,,,,,,,,
【研修動画】SNS活用,【理解度テスト】フォロワーを集める方法,0:03:00,https://01entrepreneur.quizgenerator.net/sys/?action=quizPlayer&options=eyJzY29faWQiOjU3NTU2NTAsImhlYWRlciI6eyJnb29kIjp7InZpc2libGUiOnRydWV9fSwiYmFja19saXN0Ijp0cnVlfQ%3D%3D,,,,,,,,
【研修動画】SNS活用,【動画】ビジネス成果を高めるSNS広告の戦略,0:08:25,https://01entrepreneur.quizgenerator.net/sys/?action=quizPlayer&options=eyJzY29faWQiOjU3NTU2NTIsImhlYWRlciI6eyJnb29kIjp7InZpc2libGUiOnRydWV9fSwiYmFja19saXN0Ijp0cnVlfQ%3D%3D,,,,,,,,
【研修動画】SNS活用,【理解度テスト】ビジネス成果を高めるSNS広告の戦略,0:03:00,https://01entrepreneur.quizgenerator.net/sys/?action=quizPlayer&options=eyJzY29faWQiOjU3NTU2NTMsImhlYWRlciI6eyJnb29kIjp7InZpc2libGUiOnRydWV9fSwiYmFja19saXN0Ijp0cnVlfQ%3D%3D,,,,,,,,
【研修動画】SNS活用,【動画】炎上対応,0:07:18,https://01entrepreneur.quizgenerator.net/sys/?action=quizPlayer&options=eyJzY29faWQiOjU3NTU2NTUsImhlYWRlciI6eyJnb29kIjp7InZpc2libGUiOnRydWV9fSwiYmFja19saXN0Ijp0cnVlfQ%3D%3D,,,,,,,,
【研修動画】SNS活用,【理解度テスト】炎上対応,0:03:00,https://01entrepreneur.quizgenerator.net/sys/?action=quizPlayer&options=eyJzY29faWQiOjU3NTU2NTYsImhlYWRlciI6eyJnb29kIjp7InZpc2libGUiOnRydWV9fSwiYmFja19saXN0Ijp0cnVlfQ%3D%3D,,,,,,,,
【研修動画】SNS活用,【修了証】SNS活用,0:00:00,,,,,,,,,
【ワーク&ワーク解説】制作,【ワーク】ホームページ制作の目的と種類の理解,0:15:00,https://01entrepreneur.quizgenerator.net/sys/?action=quizPlayer&options=eyJzY29faWQiOjU3NTU2NjAsImhlYWRlciI6eyJnb29kIjp7InZpc2libGUiOnRydWV9fSwiYmFja19saXN0Ijp0cnVlfQ%3D%3D,,,,,,,,
【ワーク&ワーク解説】制作,【動画 / ワーク解説】ホームページ制作の目的と種類の理解,0:07:05,https://01entrepreneur.quizgenerator.net/sys/?action=quizPlayer&options=eyJzY29faWQiOjU3NTU2NjEsImhlYWRlciI6eyJnb29kIjp7InZpc2libGUiOnRydWV9fSwiYmFja19saXN0Ijp0cnVlfQ%3D%3D,,,,,,,,
【ワーク&ワーク解説】制作,【ワーク】ペルソナ設定と活用,0:15:00,https://01entrepreneur.quizgenerator.net/sys/?action=quizPlayer&options=eyJzY29faWQiOjU3NTU2NjMsImhlYWRlciI6eyJnb29kIjp7InZpc2libGUiOnRydWV9fSwiYmFja19saXN0Ijp0cnVlfQ%3D%3D,,,,,,,,
【ワーク&ワーク解説】制作,【動画 / ワーク解説】ペルソナ設定と活用,0:06:25,https://01entrepreneur.quizgenerator.net/sys/?action=quizPlayer&options=eyJzY29faWQiOjU3NTU2NjQsImhlYWRlciI6eyJnb29kIjp7InZpc2libGUiOnRydWV9fSwiYmFja19saXN0Ijp0cnVlfQ%3D%3D,,,,,,,,
【ワーク&ワーク解説】制作,【ワーク】自社の強みを活かすビジネス戦略,0:15:00,https://01entrepreneur.quizgenerator.net/sys/?action=quizPlayer&options=eyJzY29faWQiOjU3NTU2NjYsImhlYWRlciI6eyJnb29kIjp7InZpc2libGUiOnRydWV9fSwiYmFja19saXN0Ijp0cnVlfQ%3D%3D,,,,,,,,
【ワーク&ワーク解説】制作,【動画 / ワーク解説】自社の強みを活かすビジネス戦略,0:09:19,https://01entrepreneur.quizgenerator.net/sys/?action=quizPlayer&options=eyJzY29faWQiOjU3NTU2NjcsImhlYWRlciI6eyJnb29kIjp7InZpc2libGUiOnRydWV9fSwiYmFja19saXN0Ijp0cnVlfQ%3D%3D,,,,,,,,
【ワーク&ワーク解説】制作,【ワーク】サイトマップ作成方法と活用法,0:15:00,https://01entrepreneur.quizgenerator.net/sys/?action=quizPlayer&options=eyJzY29faWQiOjU3NTU2NjksImhlYWRlciI6eyJnb29kIjp7InZpc2libGUiOnRydWV9fSwiYmFja19saXN0Ijp0cnVlfQ%3D%3D,,,,,,,,
【ワーク&ワーク解説】制作,【動画 / ワーク解説】サイトマップ作成方法と活用法,0:08:52,https://01entrepreneur.quizgenerator.net/sys/?action=quizPlayer&options=eyJzY29faWQiOjU3NTU2NzAsImhlYWRlciI6eyJnb29kIjp7InZpc2libGUiOnRydWV9fSwiYmFja19saXN0Ijp0cnVlfQ%3D%3D,,,,,,,,
【ワーク&ワーク解説】制作,【ワーク】ワイヤーフレームの作成方法,0:15:00,https://01entrepreneur.quizgenerator.net/sys/?action=quizPlayer&options=eyJzY29faWQiOjU3NTU2NzIsImhlYWRlciI6eyJnb29kIjp7InZpc2libGUiOnRydWV9fSwiYmFja19saXN0Ijp0cnVlfQ%3D%3D,,,,,,,,
【ワーク&ワーク解説】制作,【動画 / ワーク解説】ワイヤーフレームの作成方法,0:07:37,https://01entrepreneur.quizgenerator.net/sys/?action=quizPlayer&options=eyJzY29faWQiOjU3NTU2NzMsImhlYWRlciI6eyJnb29kIjp7InZpc2libGUiOnRydWV9fSwiYmFja19saXN0Ijp0cnVlfQ%3D%3D,,,,,,,,
【ワーク&ワーク解説】制作,【修了証】制作（ワーク&ワーク解説）,0:00:00,,,,,,,,,
【ワーク&ワーク解説】集客,【ワーク】検索エンジンの表示基準,0:10:00,https://01entrepreneur.quizgenerator.net/sys/?action=quizPlayer&options=eyJzY29faWQiOjU3NTU2NzksImhlYWRlciI6eyJnb29kIjp7InZpc2libGUiOnRydWV9fSwiYmFja19saXN0Ijp0cnVlfQ%3D%3D,,,,,,,,
【ワーク&ワーク解説】集客,【動画 / ワーク解説】検索エンジンの表示基準,0:05:00,https://01entrepreneur.quizgenerator.net/sys/?action=quizPlayer&options=eyJzY29faWQiOjU3NTU2ODAsImhlYWRlciI6eyJnb29kIjp7InZpc2libGUiOnRydWV9fSwiYmFja19saXN0Ijp0cnVlfQ%3D%3D,,,,,,,,
【ワーク&ワーク解説】集客,【ワーク】検索エンジンに認識されやすい文章,0:10:00,https://01entrepreneur.quizgenerator.net/sys/?action=quizPlayer&options=eyJzY29faWQiOjU3NTU2ODIsImhlYWRlciI6eyJnb29kIjp7InZpc2libGUiOnRydWV9fSwiYmFja19saXN0Ijp0cnVlfQ%3D%3D,,,,,,,,
【ワーク&ワーク解説】集客,【動画 / ワーク解説】検索エンジンに認識されやすい文章,0:07:40,https://01entrepreneur.quizgenerator.net/sys/?action=quizPlayer&options=eyJzY29faWQiOjU3NTU2ODMsImhlYWRlciI6eyJnb29kIjp7InZpc2libGUiOnRydWV9fSwiYmFja19saXN0Ijp0cnVlfQ%3D%3D,,,,,,,,
【ワーク&ワーク解説】集客,【ワーク】自サイトがGoogleに認識されているかの確認,0:15:00,https://01entrepreneur.quizgenerator.net/sys/?action=quizPlayer&options=eyJzY29faWQiOjU3NTU2ODUsImhlYWRlciI6eyJnb29kIjp7InZpc2libGUiOnRydWV9fSwiYmFja19saXN0Ijp0cnVlfQ%3D%3D,,,,,,,,
【ワーク&ワーク解説】集客,【動画 / ワーク解説】自サイトがGoogleに認識されているかの確認,0:05:46,https://01entrepreneur.quizgenerator.net/sys/?action=quizPlayer&options=eyJzY29faWQiOjU3NTU2ODcsImhlYWRlciI6eyJnb29kIjp7InZpc2libGUiOnRydWV9fSwiYmFja19saXN0Ijp0cnVlfQ%3D%3D,,,,,,,,
【ワーク&ワーク解説】集客,【ワーク】SEOキーワード戦略と検索ユーザー傾向,0:15:00,https://01entrepreneur.quizgenerator.net/sys/?action=quizPlayer&options=eyJzY29faWQiOjU3NTU2ODksImhlYWRlciI6eyJnb29kIjp7InZpc2libGUiOnRydWV9fSwiYmFja19saXN0Ijp0cnVlfQ%3D%3D,,,,,,,,
【ワーク&ワーク解説】集客,【動画 / ワーク解説】SEOキーワード戦略と検索ユーザー傾向,0:07:59,https://01entrepreneur.quizgenerator.net/sys/?action=quizPlayer&options=eyJzY29faWQiOjU3NTU2OTAsImhlYWRlciI6eyJnb29kIjp7InZpc2libGUiOnRydWV9fSwiYmFja19saXN0Ijp0cnVlfQ%3D%3D,,,,,,,,
【ワーク&ワーク解説】集客,【ワーク】リンクデータの抽出・精査方法,0:10:00,https://01entrepreneur.quizgenerator.net/sys/?action=quizPlayer&options=eyJzY29faWQiOjU3NTU2OTIsImhlYWRlciI6eyJnb29kIjp7InZpc2libGUiOnRydWV9fSwiYmFja19saXN0Ijp0cnVlfQ%3D%3D,,,,,,,,
【ワーク&ワーク解説】集客,【動画 / ワーク解説】リンクデータの抽出・精査方法,0:07:35,https://01entrepreneur.quizgenerator.net/sys/?action=quizPlayer&options=eyJzY29faWQiOjU3NTU2OTUsImhlYWRlciI6eyJnb29kIjp7InZpc2libGUiOnRydWV9fSwiYmFja19saXN0Ijp0cnVlfQ%3D%3D,,,,,,,,
【ワーク&ワーク解説】集客,【ワーク】よくある誤解しがちなSEO,0:05:00,https://01entrepreneur.quizgenerator.net/sys/?action=quizPlayer&options=eyJzY29faWQiOjU3NTU2OTcsImhlYWRlciI6eyJnb29kIjp7InZpc2libGUiOnRydWV9fSwiYmFja19saXN0Ijp0cnVlfQ%3D%3D,,,,,,,,
【ワーク&ワーク解説】集客,【動画 / ワーク解説】よくある誤解しがちなSEO,0:04:05,https://01entrepreneur.quizgenerator.net/sys/?action=quizPlayer&options=eyJzY29faWQiOjU3NTU2OTgsImhlYWRlciI6eyJnb29kIjp7InZpc2libGUiOnRydWV9fSwiYmFja19saXN0Ijp0cnVlfQ%3D%3D,,,,,,,,
【ワーク&ワーク解説】集客,【ワーク】ページボリュームの大切さ,0:15:00,https://01entrepreneur.quizgenerator.net/sys/?action=quizPlayer&options=eyJzY29faWQiOjU3NTU3MDAsImhlYWRlciI6eyJnb29kIjp7InZpc2libGUiOnRydWV9fSwiYmFja19saXN0Ijp0cnVlfQ%3D%3D,,,,,,,,
【ワーク&ワーク解説】集客,【動画 / ワーク解説】ページボリュームの大切さ,0:16:10,https://01entrepreneur.quizgenerator.net/sys/?action=quizPlayer&options=eyJzY29faWQiOjU3NTU3MDIsImhlYWRlciI6eyJnb29kIjp7InZpc2libGUiOnRydWV9fSwiYmFja19saXN0Ijp0cnVlfQ%3D%3D,,,,,,,,
【ワーク&ワーク解説】集客,【ワーク】ロングテールSEOの概要,0:10:00,https://01entrepreneur.quizgenerator.net/sys/?action=quizPlayer&options=eyJzY29faWQiOjU3NTU3MDQsImhlYWRlciI6eyJnb29kIjp7InZpc2libGUiOnRydWV9fSwiYmFja19saXN0Ijp0cnVlfQ%3D%3D,,,,,,,,
【ワーク&ワーク解説】集客,【動画 / ワーク解説】ロングテールSEOの概要,0:04:57,https://01entrepreneur.quizgenerator.net/sys/?action=quizPlayer&options=eyJzY29faWQiOjU3NTU3MDUsImhlYWRlciI6eyJnb29kIjp7InZpc2libGUiOnRydWV9fSwiYmFja19saXN0Ijp0cnVlfQ%3D%3D,,,,,,,,
【ワーク&ワーク解説】集客,【ワーク】ページ表示速度の重要性,0:15:00,https://01entrepreneur.quizgenerator.net/sys/?action=quizPlayer&options=eyJzY29faWQiOjU3NTU3MDcsImhlYWRlciI6eyJnb29kIjp7InZpc2libGUiOnRydWV9fSwiYmFja19saXN0Ijp0cnVlfQ%3D%3D,,,,,,,,
【ワーク&ワーク解説】集客,【動画 / ワーク解説】ページ表示速度の重要性,0:06:57,https://01entrepreneur.quizgenerator.net/sys/?action=quizPlayer&options=eyJzY29faWQiOjU3NTU3MDksImhlYWRlciI6eyJnb29kIjp7InZpc2libGUiOnRydWV9fSwiYmFja19saXN0Ijp0cnVlfQ%3D%3D,,,,,,,,
【ワーク&ワーク解説】集客,【ワーク】HTTPSに切り替えることの重要性,0:05:00,https://01entrepreneur.quizgenerator.net/sys/?action=quizPlayer&options=eyJzY29faWQiOjU3NTU3MTEsImhlYWRlciI6eyJnb29kIjp7InZpc2libGUiOnRydWV9fSwiYmFja19saXN0Ijp0cnVlfQ%3D%3D,,,,,,,,
【ワーク&ワーク解説】集客,【動画 / ワーク解説】HTTPSに切り替えることの重要性,0:03:48,https://01entrepreneur.quizgenerator.net/sys/?action=quizPlayer&options=eyJzY29faWQiOjU3NTU3MTIsImhlYWRlciI6eyJnb29kIjp7InZpc2libGUiOnRydWV9fSwiYmFja19saXN0Ijp0cnVlfQ%3D%3D,,,,,,,,
【ワーク&ワーク解説】集客,【修了証】集客（ワーク&ワーク解説）,0:00:00,,,,,,,,,
【ワーク&ワーク解説】分析,【ワーク】ウェブマーケティングのデータ解析,0:20:00,https://01entrepreneur.quizgenerator.net/sys/?action=quizPlayer&options=eyJzY29faWQiOjU3NTU3MTgsImhlYWRlciI6eyJnb29kIjp7InZpc2libGUiOnRydWV9fSwiYmFja19saXN0Ijp0cnVlfQ%3D%3D,,,,,,,,
【ワーク&ワーク解説】分析,【動画 / ワーク解説】ウェブマーケティングのデータ解析,0:04:51,https://01entrepreneur.quizgenerator.net/sys/?action=quizPlayer&options=eyJzY29faWQiOjU3NTU3MTksImhlYWRlciI6eyJnb29kIjp7InZpc2libGUiOnRydWV9fSwiYmFja19saXN0Ijp0cnVlfQ%3D%3D,,,,,,,,
【ワーク&ワーク解説】分析,【ワーク】ウェブマーケティングの解析と改善,0:15:00,https://01entrepreneur.quizgenerator.net/sys/?action=quizPlayer&options=eyJzY29faWQiOjU3NTU3MjEsImhlYWRlciI6eyJnb29kIjp7InZpc2libGUiOnRydWV9fSwiYmFja19saXN0Ijp0cnVlfQ%3D%3D,,,,,,,,
【ワーク&ワーク解説】分析,【動画 / ワーク解説】ウェブマーケティングの解析と改善,0:05:19,https://01entrepreneur.quizgenerator.net/sys/?action=quizPlayer&options=eyJzY29faWQiOjU3NTU3MjIsImhlYWRlciI6eyJnb29kIjp7InZpc2libGUiOnRydWV9fSwiYmFja19saXN0Ijp0cnVlfQ%3D%3D,,,,,,,,
【ワーク&ワーク解説】分析,【ワーク】Google Analyticsを使ったウェブサイト改善の実例,0:15:00,https://01entrepreneur.quizgenerator.net/sys/?action=quizPlayer&options=eyJzY29faWQiOjU3NTU3MjQsImhlYWRlciI6eyJnb29kIjp7InZpc2libGUiOnRydWV9fSwiYmFja19saXN0Ijp0cnVlfQ%3D%3D,,,,,,,,
【ワーク&ワーク解説】分析,【動画 / ワーク解説】Google Analyticsを使ったウェブサイト改善の実例,0:04:42,https://01entrepreneur.quizgenerator.net/sys/?action=quizPlayer&options=eyJzY29faWQiOjU3NTU3MjUsImhlYWRlciI6eyJnb29kIjp7InZpc2libGUiOnRydWV9fSwiYmFja19saXN0Ijp0cnVlfQ%3D%3D,,,,,,,,
【ワーク&ワーク解説】分析,【修了証】分析（ワーク&ワーク解説）,0:00:00,,,,,,,,,
【ワーク&ワーク解説】広告,【ワーク】インターネット広告のメリット,0:10:00,https://01entrepreneur.quizgenerator.net/sys/?action=quizPlayer&options=eyJzY29faWQiOjU3NTU3MzEsImhlYWRlciI6eyJnb29kIjp7InZpc2libGUiOnRydWV9fSwiYmFja19saXN0Ijp0cnVlfQ%3D%3D,,,,,,,,
【ワーク&ワーク解説】広告,【動画 / ワーク解説】インターネット広告のメリット,0:06:33,https://01entrepreneur.quizgenerator.net/sys/?action=quizPlayer&options=eyJzY29faWQiOjU3NTU3MzMsImhlYWRlciI6eyJnb29kIjp7InZpc2libGUiOnRydWV9fSwiYmFja19saXN0Ijp0cnVlfQ%3D%3D,,,,,,,,
【ワーク&ワーク解説】広告,【ワーク】インターネット広告の種類と課金方式,0:15:00,https://01entrepreneur.quizgenerator.net/sys/?action=quizPlayer&options=eyJzY29faWQiOjU3NTU3MzUsImhlYWRlciI6eyJnb29kIjp7InZpc2libGUiOnRydWV9fSwiYmFja19saXN0Ijp0cnVlfQ%3D%3D,,,,,,,,
【ワーク&ワーク解説】広告,【動画 / ワーク解説】インターネット広告の種類と課金方式,0:11:40,https://01entrepreneur.quizgenerator.net/sys/?action=quizPlayer&options=eyJzY29faWQiOjU3NTU3MzgsImhlYWRlciI6eyJnb29kIjp7InZpc2libGUiOnRydWV9fSwiYmFja19saXN0Ijp0cnVlfQ%3D%3D,,,,,,,,
【ワーク&ワーク解説】広告,【ワーク】GDNターゲティングと広告効果の最大化,0:30:00,https://01entrepreneur.quizgenerator.net/sys/?action=quizPlayer&options=eyJzY29faWQiOjU3NTU3NDAsImhlYWRlciI6eyJnb29kIjp7InZpc2libGUiOnRydWV9fSwiYmFja19saXN0Ijp0cnVlfQ%3D%3D,,,,,,,,
【ワーク&ワーク解説】広告,【動画 / ワーク解説】GDNターゲティングと広告効果の最大化,0:15:33,https://01entrepreneur.quizgenerator.net/sys/?action=quizPlayer&options=eyJzY29faWQiOjU3NTU3NDIsImhlYWRlciI6eyJnb29kIjp7InZpc2libGUiOnRydWV9fSwiYmFja19saXN0Ijp0cnVlfQ%3D%3D,,,,,,,,
【ワーク&ワーク解説】広告,【ワーク】リターゲティング広告・アフィリエイト広告・ネイティブアドとは,0:15:00,https://01entrepreneur.quizgenerator.net/sys/?action=quizPlayer&options=eyJzY29faWQiOjU3NTU3NDQsImhlYWRlciI6eyJnb29kIjp7InZpc2libGUiOnRydWV9fSwiYmFja19saXN0Ijp0cnVlfQ%3D%3D,,,,,,,,
【ワーク&ワーク解説】広告,【動画 / ワーク解説】リターゲティング広告・アフィリエイト広告・ネイティブアドとは,0:07:25,https://01entrepreneur.quizgenerator.net/sys/?action=quizPlayer&options=eyJzY29faWQiOjU3NTU3NDUsImhlYWRlciI6eyJnb29kIjp7InZpc2libGUiOnRydWV9fSwiYmFja19saXN0Ijp0cnVlfQ%3D%3D,,,,,,,,
【ワーク&ワーク解説】広告,【ワーク】広告効果を出すための重要な要素,0:15:00,https://01entrepreneur.quizgenerator.net/sys/?action=quizPlayer&options=eyJzY29faWQiOjU3NTU3NDcsImhlYWRlciI6eyJnb29kIjp7InZpc2libGUiOnRydWV9fSwiYmFja19saXN0Ijp0cnVlfQ%3D%3D,,,,,,,,
【ワーク&ワーク解説】広告,【動画 / ワーク解説】広告効果を出すための重要な要素,0:05:30,https://01entrepreneur.quizgenerator.net/sys/?action=quizPlayer&options=eyJzY29faWQiOjU3NTU3NDksImhlYWRlciI6eyJnb29kIjp7InZpc2libGUiOnRydWV9fSwiYmFja19saXN0Ijp0cnVlfQ%3D%3D,,,,,,,,
【ワーク&ワーク解説】広告,【ワーク】媒体の選定の考え方,0:15:00,https://01entrepreneur.quizgenerator.net/sys/?action=quizPlayer&options=eyJzY29faWQiOjU3NTU3NTEsImhlYWRlciI6eyJnb29kIjp7InZpc2libGUiOnRydWV9fSwiYmFja19saXN0Ijp0cnVlfQ%3D%3D,,,,,,,,
【ワーク&ワーク解説】広告,【動画 / ワーク解説】媒体の選定の考え方,0:05:49,https://01entrepreneur.quizgenerator.net/sys/?action=quizPlayer&options=eyJzY29faWQiOjU3NTU3NTIsImhlYWRlciI6eyJnb29kIjp7InZpc2libGUiOnRydWV9fSwiYmFja19saXN0Ijp0cnVlfQ%3D%3D,,,,,,,,
【ワーク&ワーク解説】広告,【修了証】広告（ワーク&ワーク解説）,0:00:00,,,,,,,,,
【ワーク&ワーク解説】BtoBマーケティング,【ワーク】インターネット時代の購買プロセス,0:15:00,https://01entrepreneur.quizgenerator.net/sys/?action=quizPlayer&options=eyJzY29faWQiOjU3NTU3NTgsImhlYWRlciI6eyJnb29kIjp7InZpc2libGUiOnRydWV9fSwiYmFja19saXN0Ijp0cnVlfQ%3D%3D,,,,,,,,
【ワーク&ワーク解説】BtoBマーケティング,【動画 / ワーク解説】インターネット時代の購買プロセス,0:06:16,https://01entrepreneur.quizgenerator.net/sys/?action=quizPlayer&options=eyJzY29faWQiOjU3NTU3NjAsImhlYWRlciI6eyJnb29kIjp7InZpc2libGUiOnRydWV9fSwiYmFja19saXN0Ijp0cnVlfQ%3D%3D,,,,,,,,
【ワーク&ワーク解説】BtoBマーケティング,【ワーク】BtoBマーケティングの全体像,0:15:00,https://01entrepreneur.quizgenerator.net/sys/?action=quizPlayer&options=eyJzY29faWQiOjU3NTU3NjIsImhlYWRlciI6eyJnb29kIjp7InZpc2libGUiOnRydWV9fSwiYmFja19saXN0Ijp0cnVlfQ%3D%3D,,,,,,,,
【ワーク&ワーク解説】BtoBマーケティング,【動画 / ワーク解説】BtoBマーケティングの全体像,0:05:21,https://01entrepreneur.quizgenerator.net/sys/?action=quizPlayer&options=eyJzY29faWQiOjU3NTU3NjMsImhlYWRlciI6eyJnb29kIjp7InZpc2libGUiOnRydWV9fSwiYmFja19saXN0Ijp0cnVlfQ%3D%3D,,,,,,,,
【ワーク&ワーク解説】BtoBマーケティング,【ワーク】リードジェネレーションの概要と手法,0:30:00,https://01entrepreneur.quizgenerator.net/sys/?action=quizPlayer&options=eyJzY29faWQiOjU3NTU3NjUsImhlYWRlciI6eyJnb29kIjp7InZpc2libGUiOnRydWV9fSwiYmFja19saXN0Ijp0cnVlfQ%3D%3D,,,,,,,,
【ワーク&ワーク解説】BtoBマーケティング,【動画 / ワーク解説】リードジェネレーションの概要と手法,0:06:31,https://01entrepreneur.quizgenerator.net/sys/?action=quizPlayer&options=eyJzY29faWQiOjU3NTU3NjYsImhlYWRlciI6eyJnb29kIjp7InZpc2libGUiOnRydWV9fSwiYmFja19saXN0Ijp0cnVlfQ%3D%3D,,,,,,,,
【ワーク&ワーク解説】BtoBマーケティング,【ワーク】リードナーチャリングの基本と活用法,0:20:00,https://01entrepreneur.quizgenerator.net/sys/?action=quizPlayer&options=eyJzY29faWQiOjU3NTU3NjksImhlYWRlciI6eyJnb29kIjp7InZpc2libGUiOnRydWV9fSwiYmFja19saXN0Ijp0cnVlfQ%3D%3D,,,,,,,,
【ワーク&ワーク解説】BtoBマーケティング,【動画 / ワーク解説】リードナーチャリングの基本と活用法,0:05:29,https://01entrepreneur.quizgenerator.net/sys/?action=quizPlayer&options=eyJzY29faWQiOjU3NTU3NzMsImhlYWRlciI6eyJnb29kIjp7InZpc2libGUiOnRydWV9fSwiYmFja19saXN0Ijp0cnVlfQ%3D%3D,,,,,,,,
【ワーク&ワーク解説】BtoBマーケティング,【ワーク】リードクオリフィケーションの概要と重要性,0:15:00,https://01entrepreneur.quizgenerator.net/sys/?action=quizPlayer&options=eyJzY29faWQiOjU3NTU3NzUsImhlYWRlciI6eyJnb29kIjp7InZpc2libGUiOnRydWV9fSwiYmFja19saXN0Ijp0cnVlfQ%3D%3D,,,,,,,,
【ワーク&ワーク解説】BtoBマーケティング,【動画 / ワーク解説】リードクオリフィケーションの概要と重要性,0:05:02,https://01entrepreneur.quizgenerator.net/sys/?action=quizPlayer&options=eyJzY29faWQiOjU3NTU3NzcsImhlYWRlciI6eyJnb29kIjp7InZpc2libGUiOnRydWV9fSwiYmFja19saXN0Ijp0cnVlfQ%3D%3D,,,,,,,,
【ワーク&ワーク解説】BtoBマーケティング,【修了証】BtoBマーケティング（ワーク&ワーク解説）,0:00:00,,,,,,,,,
【ワーク&ワーク解説】SNS活用,【ワーク】ビジネスでのSNS,0:09:00,https://01entrepreneur.quizgenerator.net/sys/?action=quizPlayer&options=eyJzY29faWQiOjU3NTU3ODMsImhlYWRlciI6eyJnb29kIjp7InZpc2libGUiOnRydWV9fSwiYmFja19saXN0Ijp0cnVlfQ%3D%3D,,,,,,,,
【ワーク&ワーク解説】SNS活用,【動画 / ワーク解説】ビジネスでのSNS,0:06:33,https://01entrepreneur.quizgenerator.net/sys/?action=quizPlayer&options=eyJzY29faWQiOjU3NTU3ODUsImhlYWRlciI6eyJnb29kIjp7InZpc2libGUiOnRydWV9fSwiYmFja19saXN0Ijp0cnVlfQ%3D%3D,,,,,,,,
【ワーク&ワーク解説】SNS活用,【ワーク】さまざまなSNSの種類,0:11:00,https://01entrepreneur.quizgenerator.net/sys/?action=quizPlayer&options=eyJzY29faWQiOjU3NTU3ODcsImhlYWRlciI6eyJnb29kIjp7InZpc2libGUiOnRydWV9fSwiYmFja19saXN0Ijp0cnVlfQ%3D%3D,,,,,,,,
【ワーク&ワーク解説】SNS活用,【動画 / ワーク解説】さまざまなSNSの種類,0:08:08,https://01entrepreneur.quizgenerator.net/sys/?action=quizPlayer&options=eyJzY29faWQiOjU3NTU3ODgsImhlYWRlciI6eyJnb29kIjp7InZpc2libGUiOnRydWV9fSwiYmFja19saXN0Ijp0cnVlfQ%3D%3D,,,,,,,,
【ワーク&ワーク解説】SNS活用,【ワーク】SNS運用の事前準備,0:09:00,https://01entrepreneur.quizgenerator.net/sys/?action=quizPlayer&options=eyJzY29faWQiOjU3NTU3OTAsImhlYWRlciI6eyJnb29kIjp7InZpc2libGUiOnRydWV9fSwiYmFja19saXN0Ijp0cnVlfQ%3D%3D,,,,,,,,
【ワーク&ワーク解説】SNS活用,【動画 / ワーク解説】SNS運用の事前準備,0:07:18,https://01entrepreneur.quizgenerator.net/sys/?action=quizPlayer&options=eyJzY29faWQiOjU3NTU3OTEsImhlYWRlciI6eyJnb29kIjp7InZpc2libGUiOnRydWV9fSwiYmFja19saXN0Ijp0cnVlfQ%3D%3D,,,,,,,,
【ワーク&ワーク解説】SNS活用,【ワーク】SNSアカウント作成のコツ,0:09:00,https://01entrepreneur.quizgenerator.net/sys/?action=quizPlayer&options=eyJzY29faWQiOjU3NTU3OTMsImhlYWRlciI6eyJnb29kIjp7InZpc2libGUiOnRydWV9fSwiYmFja19saXN0Ijp0cnVlfQ%3D%3D,,,,,,,,
【ワーク&ワーク解説】SNS活用,【動画 / ワーク解説】SNSアカウント作成のコツ,0:05:48,https://01entrepreneur.quizgenerator.net/sys/?action=quizPlayer&options=eyJzY29faWQiOjU3NTU3OTQsImhlYWRlciI6eyJnb29kIjp7InZpc2libGUiOnRydWV9fSwiYmFja19saXN0Ijp0cnVlfQ%3D%3D,,,,,,,,
【ワーク&ワーク解説】SNS活用,【ワーク】投稿内容の作成,0:11:00,https://01entrepreneur.quizgenerator.net/sys/?action=quizPlayer&options=eyJzY29faWQiOjU3NTU3OTYsImhlYWRlciI6eyJnb29kIjp7InZpc2libGUiOnRydWV9fSwiYmFja19saXN0Ijp0cnVlfQ%3D%3D,,,,,,,,
【ワーク&ワーク解説】SNS活用,【動画 / ワーク解説】投稿内容の作成,0:06:04,https://01entrepreneur.quizgenerator.net/sys/?action=quizPlayer&options=eyJzY29faWQiOjU3NTU3OTcsImhlYWRlciI6eyJnb29kIjp7InZpc2libGUiOnRydWV9fSwiYmFja19saXN0Ijp0cnVlfQ%3D%3D,,,,,,,,
【ワーク&ワーク解説】SNS活用,【ワーク】実際に投稿する,0:07:00,https://01entrepreneur.quizgenerator.net/sys/?action=quizPlayer&options=eyJzY29faWQiOjU3NTU3OTksImhlYWRlciI6eyJnb29kIjp7InZpc2libGUiOnRydWV9fSwiYmFja19saXN0Ijp0cnVlfQ%3D%3D,,,,,,,,
【ワーク&ワーク解説】SNS活用,【動画 / ワーク解説】実際に投稿する,0:06:08,https://01entrepreneur.quizgenerator.net/sys/?action=quizPlayer&options=eyJzY29faWQiOjU3NTU4MDEsImhlYWRlciI6eyJnb29kIjp7InZpc2libGUiOnRydWV9fSwiYmFja19saXN0Ijp0cnVlfQ%3D%3D,,,,,,,,
【ワーク&ワーク解説】SNS活用,【ワーク】コメント対応,0:09:00,https://01entrepreneur.quizgenerator.net/sys/?action=quizPlayer&options=eyJzY29faWQiOjU3NTU4MDMsImhlYWRlciI6eyJnb29kIjp7InZpc2libGUiOnRydWV9fSwiYmFja19saXN0Ijp0cnVlfQ%3D%3D,,,,,,,,
【ワーク&ワーク解説】SNS活用,【動画 / ワーク解説】コメント対応,0:06:55,https://01entrepreneur.quizgenerator.net/sys/?action=quizPlayer&options=eyJzY29faWQiOjU3NTU4MDQsImhlYWRlciI6eyJnb29kIjp7InZpc2libGUiOnRydWV9fSwiYmFja19saXN0Ijp0cnVlfQ%3D%3D,,,,,,,,
【ワーク&ワーク解説】SNS活用,【ワーク】フォロワーを集める方法,0:07:00,https://01entrepreneur.quizgenerator.net/sys/?action=quizPlayer&options=eyJzY29faWQiOjU3NTU4MDYsImhlYWRlciI6eyJnb29kIjp7InZpc2libGUiOnRydWV9fSwiYmFja19saXN0Ijp0cnVlfQ%3D%3D,,,,,,,,
【ワーク&ワーク解説】SNS活用,【動画 / ワーク解説】フォロワーを集める方法,0:04:42,https://01entrepreneur.quizgenerator.net/sys/?action=quizPlayer&options=eyJzY29faWQiOjU3NTU4MDcsImhlYWRlciI6eyJnb29kIjp7InZpc2libGUiOnRydWV9fSwiYmFja19saXN0Ijp0cnVlfQ%3D%3D,,,,,,,,
【ワーク&ワーク解説】SNS活用,【ワーク】ビジネス成果を高めるSNS広告の戦略,0:09:00,https://01entrepreneur.quizgenerator.net/sys/?action=quizPlayer&options=eyJzY29faWQiOjU3NTU4MDksImhlYWRlciI6eyJnb29kIjp7InZpc2libGUiOnRydWV9fSwiYmFja19saXN0Ijp0cnVlfQ%3D%3D,,,,,,,,
【ワーク&ワーク解説】SNS活用,【動画 / ワーク解説】ビジネス成果を高めるSNS広告の戦略,0:06:38,https://01entrepreneur.quizgenerator.net/sys/?action=quizPlayer&options=eyJzY29faWQiOjU3NTU4MTAsImhlYWRlciI6eyJnb29kIjp7InZpc2libGUiOnRydWV9fSwiYmFja19saXN0Ijp0cnVlfQ%3D%3D,,,,,,,,
【ワーク&ワーク解説】SNS活用,【ワーク】炎上対応,0:05:00,https://01entrepreneur.quizgenerator.net/sys/?action=quizPlayer&options=eyJzY29faWQiOjU3NTU4MTIsImhlYWRlciI6eyJnb29kIjp7InZpc2libGUiOnRydWV9fSwiYmFja19saXN0Ijp0cnVlfQ%3D%3D,,,,,,,,
【ワーク&ワーク解説】SNS活用,【動画 / ワーク解説】炎上対応,0:04:51,https://01entrepreneur.quizgenerator.net/sys/?action=quizPlayer&options=eyJzY29faWQiOjU3NTU4MTQsImhlYWRlciI6eyJnb29kIjp7InZpc2libGUiOnRydWV9fSwiYmFja19saXN0Ijp0cnVlfQ%3D%3D,,,,,,,,
【ワーク&ワーク解説】SNS活用,【修了証】SNS活用（ワーク&ワーク解説）,0:00:00,,,,,,,,,
,,,,,,,,,,,
,,,,,,,,,,,o
